src,dst,sum_kzt,n_tx,seed_kzt,seed_share
100000000011452100,100000005140601100,16685.000000000,2,13926.129341054,0.834649646
100000000031787100,100000000267734100,60000.000000000,3,30000.000000000,0.500000000
100000000031787100,100000005082652100,30000.000000000,1,0.000000000,0.000000000
100000000076451100,100000002575080100,13000.000000000,1,0.000000000,0.000000000
100000000076451100,100000004629688100,5000.000000000,1,0.000000000,0.000000000
100000000076451100,100000004750897100,10000.000000000,1,0.000000000,0.000000000
100000000076451100,100000007131370100,30000.000000000,1,0.000000000,0.000000000
100000000089154100,100000000332284100,9000.000000000,1,0.000000000,0.000000000
100000000089154100,100000000437046100,32000.000000000,1,2746.781115880,0.085836910
100000000089154100,100000002398779100,20000.000000000,1,0.000000000,0.000000000
100000000089154100,100000003249054100,19900.000000000,2,-0.000000000,0.000000000
100000000089154100,100000003684369100,49500.000000000,1,4248.927038627,0.085836910
100000000089154100,100000003741418100,8000.000000000,1,686.695278970,0.085836910
100000000089154100,100000005059998100,18000.000000000,1,0.000000000,0.000000000
100000000089154100,100000005782781100,29700.000000000,2,0.000000000,0.000000000
100000000089154100,100000006595426100,84800.000000000,3,0.000000000,0.000000000
100000000089154100,100000006866783100,22000.000000000,1,0.000000000,0.000000000
100000000089154100,100000008106997100,20600.000000000,1,0.000000000,0.000000000
100000000089154100,100000008111003100,53700.000000000,3,2317.596566524,0.043158223
100000000089154100,100000008165763100,23300.000000000,1,0.000000000,0.000000000
100000000089154100,100000008571443100,25000.000000000,1,0.000000000,0.000000000
100000000089154100,100000008730846100,10000.000000000,1,0.000000000,0.000000000
100000000190228100,100000002613929100,28560.000000000,1,0.000000000,0.000000000
100000000201868100,100000006069103100,190000.000000000,1,0.000000000,0.000000000
100000000254336100,100000007042175100,60000.000000000,1,0.000000000,0.000000000
100000000267734100,100000000031787100,90000.000000000,2,45000.000000000,0.500000000
100000000267734100,100000001601320100,34000.000000000,1,1416.666666667,0.041666667
100000000267734100,100000002842337100,50000.000000000,1,2083.333333333,0.041666667
100000000267734100,100000003188607100,18000.000000000,1,9000.000000000,0.500000000
100000000267734100,100000004573782100,15000.000000000,1,7500.000000000,0.500000000
100000000267734100,100000004687099100,30000.000000000,1,30000.000000000,1.000000000
100000000267734100,100000007861311100,45000.000000000,1,45000.000000000,1.000000000
100000000274067100,100000002958343100,2900000.000000000,4,217704.000000000,0.075070345
100000000274067100,100000005608515100,64000.000000000,4,0.000000000,0.000000000
100000000274067100,100000006490557100,5000.000000000,1,403.155555556,0.080631111
100000000288317100,100000000018102100,7000.000000000,1,0.000000000,0.000000000
100000000288317100,100000006416061100,30000.000000000,1,0.000000000,0.000000000
100000000288317100,100000006866831100,16500.000000000,1,0.000000000,0.000000000
100000000291906100,100000000291908100,295500.000000000,5,1969.072164948,0.006663527
100000000291906100,100000004670388100,160354.000000000,1,0.000000000,0.000000000
100000000291908100,100000004691350100,13300.000000000,1,0.000000000,0.000000000
100000000297649100,100000001899164100,70600.000000000,2,3354.208020365,0.047510029
100000000331309100,100000000413678100,156500.000000000,1,0.000000000,0.000000000
100000000331309100,100000000878006100,47003.000000000,1,0.000000000,0.000000000
100000000331309100,100000001009583100,393740.000000000,1,0.000000000,0.000000000
100000000331309100,100000001046626100,150000.000000000,1,0.000000000,0.000000000
100000000331309100,100000001072022100,624000.000000000,3,0.000000000,0.000000000
100000000331309100,100000001222263100,745570.000000000,1,0.000000000,0.000000000
100000000331309100,100000001227106100,164765.000000000,1,0.000000000,0.000000000
100000000331309100,100000001236706100,35800.000000000,1,0.000000000,0.000000000
100000000331309100,100000001252290100,141005.000000000,1,0.000000000,0.000000000
100000000331309100,100000001330685100,2071530.000000000,5,-0.000000000,0.000000000
100000000331309100,100000001384826100,364260.000000000,1,0.000000000,0.000000000
100000000331309100,100000001530983100,104000.000000000,1,0.000000000,0.000000000
100000000331309100,100000001611488100,506300.000000000,2,-0.000000000,0.000000000
100000000331309100,100000001637376100,116700.000000000,1,0.000000000,0.000000000
100000000331309100,100000001689968100,188767.000000000,1,0.000000000,0.000000000
100000000331309100,100000001714413100,250172.000000000,1,0.000000000,0.000000000
100000000331309100,100000001835625100,75130.000000000,1,0.000000000,0.000000000
100000000331309100,100000001875167100,1000000.000000000,2,0.000000000,0.000000000
100000000331309100,100000002015633100,94970.000000000,1,25156.757944728,0.264891628
100000000331309100,100000002241986100,280000.000000000,1,0.000000000,0.000000000
100000000331309100,100000002284426100,90000.000000000,2,0.000000000,0.000000000
100000000331309100,100000002356167100,300000.000000000,1,0.000000000,0.000000000
100000000331309100,100000002433697100,130000.000000000,1,0.000000000,0.000000000
100000000331309100,100000002459240100,150000.000000000,1,0.000000000,0.000000000
100000000331309100,100000002556775100,300000.000000000,1,0.000000000,0.000000000
100000000331309100,100000002567887100,50915.000000000,1,0.000000000,0.000000000
100000000331309100,100000002581346100,166400.000000000,1,0.000000000,0.000000000
100000000331309100,100000002628576100,634585.000000000,2,0.000000000,0.000000000
100000000331309100,100000002653948100,85200.000000000,1,0.000000000,0.000000000
100000000331309100,100000002704875100,101665.000000000,1,0.000000000,0.000000000
100000000331309100,100000002755292100,203400.000000000,1,0.000000000,0.000000000
100000000331309100,100000002807334100,54715.000000000,1,0.000000000,0.000000000
100000000331309100,100000002842321100,160000.000000000,1,0.000000000,0.000000000
100000000331309100,100000002983879100,85950.000000000,1,0.000000000,0.000000000
100000000331309100,100000002990675100,51143.000000000,1,0.000000000,0.000000000
100000000331309100,100000003035737100,453600.000000000,2,0.000000000,0.000000000
100000000331309100,100000003044431100,30000.000000000,1,-0.000000000,0.000000000
100000000331309100,100000003105929100,429567.000000000,2,0.000000000,0.000000000
100000000331309100,100000003115284100,600000.000000000,2,0.000000000,0.000000000
100000000331309100,100000003116106100,494050.000000000,2,0.000000000,0.000000000
100000000331309100,100000003134474100,116000.000000000,1,0.000000000,0.000000000
100000000331309100,100000003149149100,245000.000000000,1,0.000000000,0.000000000
100000000331309100,100000003171587100,500000.000000000,1,0.000000000,0.000000000
100000000331309100,100000003242795100,111000.000000000,1,0.000000000,0.000000000
100000000331309100,100000003293377100,50000.000000000,1,0.000000000,0.000000000
100000000331309100,100000003457710100,326555.000000000,1,0.000000000,0.000000000
100000000331309100,100000003486970100,150000.000000000,1,-0.000000000,0.000000000
100000000331309100,100000003610172100,70000.000000000,1,0.000000000,0.000000000
100000000331309100,100000003647799100,100000.000000000,1,0.000000000,0.000000000
100000000331309100,100000003760160100,104470.000000000,1,0.000000000,0.000000000
100000000331309100,100000003814002100,30000.000000000,1,-0.000000000,0.000000000
100000000331309100,100000003888197100,83167.000000000,1,22030.242055272,0.264891628
100000000331309100,100000004004621100,25028.000000000,1,0.000000000,0.000000000
100000000331309100,100000004077081100,140000.000000000,1,0.000000000,0.000000000
100000000331309100,100000004114962100,140000.000000000,1,0.000000000,0.000000000
100000000331309100,100000004278574100,25000.000000000,1,0.000000000,0.000000000
100000000331309100,100000004299488100,360000.000000000,3,-0.000000000,0.000000000
100000000331309100,100000004315838100,25000.000000000,1,0.000000000,0.000000000
100000000331309100,100000004450649100,140970.000000000,1,0.000000000,0.000000000
100000000331309100,100000004587414100,320200.000000000,1,0.000000000,0.000000000
100000000331309100,100000004657034100,141250.000000000,1,0.000000000,0.000000000
100000000331309100,100000004746397100,219520.000000000,1,0.000000000,0.000000000
100000000331309100,100000004759121100,220000.000000000,1,0.000000000,0.000000000
100000000331309100,100000004889043100,100000.000000000,1,0.000000000,0.000000000
100000000331309100,100000004906181100,100000.000000000,1,0.000000000,0.000000000
100000000331309100,100000004917367100,100000.000000000,1,0.000000000,0.000000000
100000000331309100,100000005182219100,30000.000000000,1,0.000000000,0.000000000
100000000331309100,100000005198906100,227970.000000000,1,0.000000000,0.000000000
100000000331309100,100000005409156100,189160.000000000,1,-0.000000000,0.000000000
100000000331309100,100000005527892100,30000.000000000,1,0.000000000,0.000000000
100000000331309100,100000005610717100,186200.000000000,1,0.000000000,0.000000000
100000000331309100,100000005756189100,65000.000000000,1,0.000000000,0.000000000
100000000331309100,100000005893892100,102780.000000000,1,-0.000000000,0.000000000
100000000331309100,100000006126743100,55000.000000000,1,0.000000000,0.000000000
100000000331309100,100000006225798100,280000.000000000,2,0.000000000,0.000000000
100000000331309100,100000006274203100,41200.000000000,1,0.000000000,0.000000000
100000000331309100,100000006530134100,121240.000000000,1,0.000000000,0.000000000
100000000331309100,100000006734214100,280000.000000000,3,-0.000000000,0.000000000
100000000331309100,100000006889963100,600000.000000000,2,0.000000000,0.000000000
100000000331309100,100000007055802100,450000.000000000,3,-0.000000000,0.000000000
100000000331309100,100000007138613100,470000.000000000,1,0.000000000,0.000000000
100000000331309100,100000007597382100,15700.000000000,1,-0.000000000,0.000000000
100000000331309100,100000007863304100,25000.000000000,1,0.000000000,0.000000000
100000000331309100,100000008038077100,499850.000000000,2,0.000000000,0.000000000
100000000331309100,100000008192264100,162810.000000000,1,0.000000000,0.000000000
100000000331309100,100000008238112100,190000.000000000,1,0.000000000,0.000000000
100000000331309100,100000008295429100,352000.000000000,1,0.000000000,0.000000000
100000000331309100,100000008324800100,110000.000000000,2,0.000000000,0.000000000
100000000331309100,100000008438656100,25000.000000000,1,0.000000000,0.000000000
100000000331309100,100000008472324100,205200.000000000,1,0.000000000,0.000000000
100000000331309100,100000008490127100,431755.000000000,2,0.000000000,0.000000000
100000000331309100,100000008532050100,455156.000000000,1,0.000000000,0.000000000
100000000331309100,100000008560717100,304000.000000000,2,-0.000000000,0.000000000
100000000331309100,100000008568512100,199640.000000000,1,-0.000000000,0.000000000
100000000331309100,100000008576528100,28000.000000000,1,0.000000000,0.000000000
100000000331309100,100000008579978100,34000.000000000,1,0.000000000,0.000000000
100000000331309100,100000008686313100,373042.000000000,2,0.000000000,0.000000000
100000000331309100,100000008722417100,331900.000000000,1,0.000000000,0.000000000
100000000331309100,100000008747113100,105210.000000000,1,0.000000000,0.000000000
100000000332284100,100000001611488100,273000.000000000,1,6000.000000000,0.021978022
100000000332284100,100000002513028100,9500.000000000,1,-0.000000000,0.000000000
100000000332284100,100000008097580100,7000.000000000,1,-0.000000000,0.000000000
100000000343175100,100000000979923100,97900.000000000,1,97900.000000000,1.000000000
100000000343175100,100000001463701100,248000.000000000,1,248000.000000000,1.000000000
100000000343175100,100000001899164100,21050.000000000,1,21050.000000000,1.000000000
100000000343175100,100000001924185100,115000.000000000,1,115000.000000000,1.000000000
100000000343175100,100000002596035100,231570.000000000,1,231570.000000000,1.000000000
100000000343175100,100000002605548100,93480.000000000,1,93480.000000000,1.000000000
100000000343175100,100000002618492100,178000.000000000,1,178000.000000000,1.000000000
100000000343175100,100000002720627100,199300.000000000,1,199300.000000000,1.000000000
100000000343175100,100000002760175100,187410.000000000,1,187410.000000000,1.000000000
100000000343175100,100000002774456100,50363.000000000,1,50363.000000000,1.000000000
100000000343175100,100000002894076100,80000.000000000,1,80000.000000000,1.000000000
100000000343175100,100000002941114100,25000.000000000,1,25000.000000000,1.000000000
100000000343175100,100000002957306100,209500.000000000,1,209500.000000000,1.000000000
100000000343175100,100000003014659100,280000.000000000,1,280000.000000000,1.000000000
100000000343175100,100000003115284100,622000.000000000,3,622000.000000000,1.000000000
100000000343175100,100000003635170100,25000.000000000,1,25000.000000000,1.000000000
100000000343175100,100000003809101100,146050.000000000,1,146050.000000000,1.000000000
100000000343175100,100000004105288100,25000.000000000,1,25000.000000000,1.000000000
100000000343175100,100000004318918100,75600.000000000,1,75600.000000000,1.000000000
100000000343175100,100000004388353100,34960.000000000,1,34960.000000000,1.000000000
100000000343175100,100000004677680100,45000.000000000,1,45000.000000000,1.000000000
100000000343175100,100000005897462100,98400.000000000,1,98400.000000000,1.000000000
100000000343175100,100000006445501100,91000.000000000,1,91000.000000000,1.000000000
100000000343175100,100000006745291100,82534.000000000,1,82534.000000000,1.000000000
100000000343175100,100000006789108100,37500.000000000,1,37500.000000000,1.000000000
100000000343175100,100000006889963100,220000.000000000,1,220000.000000000,1.000000000
100000000343175100,100000006972210100,93555.000000000,1,93555.000000000,1.000000000
100000000343175100,100000007129492100,25990.000000000,1,25990.000000000,1.000000000
100000000343175100,100000007334196100,150002.000000000,1,150002.000000000,1.000000000
100000000343175100,100000007908818100,165875.000000000,1,165875.000000000,1.000000000
100000000343175100,100000008728457100,45000.000000000,1,45000.000000000,1.000000000
100000000413678100,100000002968096100,70000.000000000,1,0.000000000,0.000000000
100000000413678100,100000003985389100,422698.000000000,16,0.000000000,0.000000000
100000000413678100,100000007960337100,35500.000000000,1,0.000000000,0.000000000
100000000437046100,100000000254336100,27589.000000000,1,0.000000000,0.000000000
100000000437046100,100000000287768100,35168.000000000,1,0.000000000,0.000000000
100000000437046100,100000000802149100,104128.000000000,1,0.000000000,0.000000000
100000000437046100,100000001279272100,250000.000000000,1,0.000000000,0.000000000
100000000437046100,100000001726614100,138717.000000000,1,0.000000000,0.000000000
100000000437046100,100000001745217100,50000.000000000,1,0.000000000,0.000000000
100000000437046100,100000001784279100,35674.000000000,1,0.000000000,0.000000000
100000000437046100,100000001837130100,172900.000000000,1,0.000000000,0.000000000
100000000437046100,100000002373144100,46468.000000000,1,0.000000000,0.000000000
100000000437046100,100000002663511100,268940.000000000,1,0.000000000,0.000000000
100000000437046100,100000002681449100,82738.000000000,1,-0.000000000,0.000000000
100000000437046100,100000002904919100,60325.000000000,1,0.000000000,0.000000000
100000000437046100,100000003115284100,300000.000000000,1,-0.000000000,0.000000000
100000000437046100,100000003159641100,20000.000000000,1,0.000000000,0.000000000
100000000437046100,100000003204491100,140000.000000000,1,2267.487710599,0.016196341
100000000437046100,100000003795588100,400000.000000000,2,941.619943384,0.002354050
100000000437046100,100000003834495100,327441.000000000,3,478.332669338,0.001460821
100000000437046100,100000004070318100,90000.000000000,1,0.000000000,0.000000000
100000000437046100,100000004071444100,247350.000000000,1,0.000000000,0.000000000
100000000437046100,100000004184158100,203805.000000000,1,0.000000000,0.000000000
100000000437046100,100000004299488100,185000.000000000,4,566.871927650,0.003064173
100000000437046100,100000004587414100,213403.000000000,1,0.000000000,0.000000000
100000000437046100,100000004726132100,349000.000000000,1,0.000000000,0.000000000
100000000437046100,100000004759121100,150000.000000000,2,0.000000000,0.000000000
100000000437046100,100000005124479100,88947.000000000,1,0.000000000,0.000000000
100000000437046100,100000005610717100,128200.000000000,3,0.000000000,0.000000000
100000000437046100,100000005830339100,70186.000000000,2,0.000000000,0.000000000
100000000437046100,100000006165886100,80414.000000000,1,4.746747189,0.000059029
100000000437046100,100000006889963100,300000.000000000,1,0.000000000,0.000000000
100000000437046100,100000006894637100,52831.000000000,1,0.000000000,0.000000000
100000000437046100,100000006989232100,22194.000000000,1,216.177518035,0.009740359
100000000437046100,100000007055802100,1015000.000000000,16,176.553739385,0.000173945
100000000437046100,100000007594394100,40385.000000000,1,0.000000000,0.000000000
100000000437046100,100000007639767100,27868.000000000,1,0.000000000,0.000000000
100000000437046100,100000007754369100,82424.000000000,1,0.000000000,0.000000000
100000000437046100,100000008293431100,15000.000000000,1,0.885432982,0.000059029
100000000437046100,100000008343874100,108185.000000000,1,0.000000000,0.000000000
100000000437046100,100000008560717100,40000.000000000,1,0.000000000,0.000000000
100000000437046100,100000008603629100,5000.000000000,1,0.000000000,0.000000000
100000000437046100,100000008686313100,1104983.000000000,6,-0.000000000,0.000000000
100000000437046100,100000008730371100,500000.000000000,2,2561.254022384,0.005122508
100000000437046100,100000008757369100,25961.000000000,1,0.000000000,0.000000000
100000000489417100,100000001236706100,80000.000000000,1,0.000000000,0.000000000
100000000490383100,100000000706545100,343500.000000000,1,0.000000000,0.000000000
100000000490383100,100000002600345100,5000.000000000,1,0.000000000,0.000000000
100000000490383100,100000003159641100,10000.000000000,2,6000.000000000,0.600000000
100000000490383100,100000003650146100,14400.000000000,1,0.000000000,0.000000000
100000000490383100,100000004948177100,48000.000000000,1,0.000000000,0.000000000
100000000490383100,100000007544358100,22500.000000000,1,0.000000000,0.000000000
100000000490383100,100000007591246100,12190.000000000,1,0.000000000,0.000000000
100000000490383100,100000008723830100,5785.000000000,1,0.000000000,0.000000000
100000000507799100,100000005911352100,8000.000000000,1,5132.000000000,0.641500000
100000000534581100,100000001220124100,40000.000000000,1,635.602644738,0.015890066
100000000552584100,100000004603109100,57500.000000000,1,260.507671909,0.004530568
100000000572276100,100000008745676100,34547.000000000,1,0.000000000,0.000000000
100000000580561100,100000003888271100,12177.000000000,2,12177.000000000,1.000000000
100000000580561100,100000005183943100,680900.000000000,9,680900.000000000,1.000000000
100000000580561100,100000007939160100,795000.000000000,2,795000.000000000,1.000000000
100000000583220100,100000004586598100,761255.000000000,4,6.837309276,0.000008982
100000000594783100,100000002224132100,60000.000000000,1,0.000000000,0.000000000
100000000594783100,100000004603109100,92500.000000000,1,227.759543020,0.002462265
100000000596954100,100000004539443100,39800.000000000,1,0.000000000,0.000000000
100000000596954100,100000004921657100,8300.000000000,1,0.000000000,0.000000000
100000000607731100,100000004192865100,66666.000000000,1,0.000000000,0.000000000
100000000607941100,100000003406094100,70000.000000000,4,0.000000000,0.000000000
100000000640800100,100000005553088100,17500.000000000,1,0.000000000,0.000000000
100000000640800100,100000008512827100,43439.000000000,1,0.000000000,0.000000000
100000000640800100,100000008695157100,425546.000000000,3,370.680313132,0.000871070
100000000640800100,100000008734279100,31650.000000000,1,0.000000000,0.000000000
100000000656682100,100000002599729100,65000.000000000,2,0.000000000,0.000000000
100000000656682100,100000008524903100,15000.000000000,1,0.000000000,0.000000000
100000000661912100,100000003131016100,405700.000000000,7,6017.492773597,0.014832371
100000000661912100,100000003246024100,25000.000000000,1,20876.084589753,0.835043384
100000000667713100,100000000343175100,10000.000000000,1,8006.098991321,0.800609899
100000000667713100,100000001290243100,10000.000000000,1,8006.098991321,0.800609899
100000000667713100,100000002481735100,22436.000000000,2,19325.078271954,0.861342408
100000000667713100,100000004186824100,14350.000000000,1,11488.752052545,0.800609899
100000000667713100,100000006069103100,9700.000000000,1,7765.916021581,0.800609899
100000000667713100,100000008636603100,12750.000000000,1,0.000000000,0.000000000
100000000673868100,100000001785161100,15000.000000000,1,0.000000000,0.000000000
100000000673868100,100000003173783100,23500.000000000,2,0.000000000,0.000000000
100000000673868100,100000004673335100,80000.000000000,1,0.000000000,0.000000000
100000000673868100,100000007442518100,115000.000000000,3,0.000000000,0.000000000
100000000673868100,100000008258083100,149500.000000000,12,0.000000000,0.000000000
100000000703894100,100000004463277100,35000.000000000,1,0.000000000,0.000000000
100000000706545100,100000006901046100,75800.000000000,3,51347.238918107,0.677404207
100000000723383100,100000002185328100,15000.000000000,1,0.000000000,0.000000000
100000000723383100,100000003154105100,60000.000000000,1,0.000000000,0.000000000
100000000724540100,100000005241556100,100000.000000000,1,0.000000000,0.000000000
100000000733451100,100000000375150100,300000.000000000,1,0.000000000,0.000000000
100000000749118100,100000000981693100,16500.000000000,1,0.000000000,0.000000000
100000000764836100,100000001598625100,25000.000000000,1,0.000000000,0.000000000
100000000764836100,100000002369454100,25000.000000000,1,17.296394614,0.000691856
100000000785800100,100000008601794100,19000.000000000,1,19000.000000000,1.000000000
100000000791285100,100000002404112100,60000.000000000,1,0.000000000,0.000000000
100000000791285100,100000005621418100,30000.000000000,1,0.000000000,0.000000000
100000000791285100,100000008461532100,560000.000000000,1,0.000000000,0.000000000
100000000806727100,100000001346560100,5000.000000000,1,0.000000000,0.000000000
100000000810551100,100000002205022100,7100.000000000,1,0.000000000,0.000000000
100000000831684100,100000004692798100,50000.000000000,3,14615.985253834,0.292319705
100000000838385100,100000000470237100,32500.000000000,1,2537.338764426,0.078071962
100000000838385100,100000008213966100,145000.000000000,5,23000.000000000,0.158620690
100000000850297100,100000006707582100,17520.000000000,1,0.000000000,0.000000000
100000000860514100,100000007811950100,50000.000000000,1,2598.721682111,0.051974434
100000000910216100,100000008489922100,52010.000000000,1,1168.571521888,0.022468208
100000000913911100,100000004737764100,600000.000000000,1,9530.201342282,0.015883669
100000000922570100,100000003922499100,50000.000000000,1,0.000000000,0.000000000
100000000926766100,100000001526235100,6000.000000000,1,0.000000000,0.000000000
100000000933075100,100000002193259100,40000.000000000,1,0.000000000,0.000000000
100000000933075100,100000002653187100,15000.000000000,1,0.000000000,0.000000000
100000000955529100,100000008556318100,63500.000000000,1,0.000000000,0.000000000
100000000976943100,100000004601193100,84000.000000000,3,0.000000000,0.000000000
100000001049200100,100000003016635100,5000.000000000,1,1014.000000000,0.202800000
100000001049200100,100000004156082100,21000.000000000,2,0.000000000,0.000000000
100000001049200100,100000005619339100,5000.000000000,1,0.000000000,0.000000000
100000001049200100,100000008144528100,5000.000000000,1,5000.000000000,1.000000000
100000001052945100,100000001131403100,1570000.000000000,3,0.000000000,0.000000000
100000001052945100,100000004616845100,20200.000000000,2,0.000000000,0.000000000
100000001052945100,100000005146665100,5500.000000000,1,0.000000000,0.000000000
100000001063678100,100000001275557100,20000.000000000,1,0.000000000,0.000000000
100000001063678100,100000008027922100,70000.000000000,1,0.000000000,0.000000000
100000001066017100,100000002597074100,8000.000000000,1,0.000000000,0.000000000
100000001066017100,100000003091142100,40000.000000000,1,0.000000000,0.000000000
100000001066017100,100000004788983100,27000.000000000,1,0.000000000,0.000000000
100000001066017100,100000004848236100,7500.000000000,1,0.000000000,0.000000000
100000001073568100,100000000803368100,139503.000000000,1,0.000000000,0.000000000
100000001073568100,100000004500444100,80000.000000000,2,0.000000000,0.000000000
100000001102676100,100000003684369100,50000.000000000,1,0.000000000,0.000000000
100000001126374100,100000000967918100,21200.000000000,3,3738.327688118,0.176336212
100000001126374100,100000005730108100,8000.000000000,1,3555.555555556,0.444444444
100000001138283100,100000004177936100,10000.000000000,1,0.000000000,0.000000000
100000001138283100,100000008603629100,40000.000000000,1,0.000000000,0.000000000
100000001141268100,100000002540033100,10000.000000000,1,268.006526947,0.026800653
100000001162560100,100000001380986100,70170.000000000,1,0.000000000,0.000000000
100000001162560100,100000001541418100,50000.000000000,1,0.000000000,0.000000000
100000001162560100,100000002443664100,74880.000000000,1,57045.033112583,0.761819352
100000001162560100,100000002633701100,266850.000000000,1,0.000000000,0.000000000
100000001162560100,100000002718366100,419200.000000000,1,0.000000000,0.000000000
100000001162560100,100000002748532100,128783.000000000,1,0.000000000,0.000000000
100000001162560100,100000003034546100,486715.000000000,2,0.000000000,0.000000000
100000001162560100,100000003089018100,230000.000000000,1,0.000000000,0.000000000
100000001162560100,100000004225615100,90000.000000000,2,0.000000000,0.000000000
100000001162560100,100000005402643100,127800.000000000,1,0.000000000,0.000000000
100000001162560100,100000008418934100,360000.000000000,1,274254.966887417,0.761819352
100000001162560100,100000008497298100,600000.000000000,1,0.000000000,0.000000000
100000001166289100,100000002733905100,25000.000000000,1,178.306770379,0.007132271
100000001169666100,100000004655046100,24000.000000000,1,0.000000000,0.000000000
100000001222263100,100000001222245100,420000.000000000,5,0.000000000,0.000000000
100000001223977100,100000008461217100,18000.000000000,1,0.000000000,0.000000000
100000001229743100,100000003481025100,9000.000000000,1,0.000000000,0.000000000
100000001232297100,100000005074393100,30000.000000000,1,0.000000000,0.000000000
100000001232297100,100000005882013100,15000.000000000,1,199.743512034,0.013316234
100000001236706100,100000003370425100,20000.000000000,1,0.000000000,0.000000000
100000001236706100,100000007653094100,16000.000000000,1,0.000000000,0.000000000
100000001252290100,100000000369781100,5000.000000000,1,0.000000000,0.000000000
100000001279272100,100000000331309100,130000.000000000,1,0.000000000,0.000000000
100000001279272100,100000001297206100,6758.000000000,1,0.000000000,0.000000000
100000001287955100,100000004015047100,89300.000000000,2,0.000000000,0.000000000
100000001287955100,100000005242320100,185700.000000000,1,0.000000000,0.000000000
100000001287955100,100000007333038100,17500.000000000,1,0.000000000,0.000000000
100000001287955100,100000008460102100,17500.000000000,1,0.000000000,0.000000000
100000001317336100,100000000733940100,752000.000000000,2,0.000000000,0.000000000
100000001317336100,100000005042822100,1000000.000000000,1,0.000000000,0.000000000
100000001330595100,100000002257794100,154000.000000000,1,0.000000000,0.000000000
100000001330685100,100000002087788100,100500.000000000,1,0.000000000,0.000000000
100000001346560100,100000004959752100,22200.000000000,1,5000.000000000,0.225225225
100000001363952100,100000002779485100,91000.000000000,2,10000.000000000,0.109890110
100000001373265100,100000002994441100,5000.000000000,1,0.000000000,0.000000000
100000001380054100,100000001782980100,50000.000000000,1,0.000000000,0.000000000
100000001380054100,100000005077484100,150000.000000000,1,0.000000000,0.000000000
100000001380054100,100000006232815100,160000.000000000,2,50000.000000000,0.312500000
100000001382002100,100000005584222100,56500.000000000,3,0.000000000,0.000000000
100000001384826100,100000002728246100,10000.000000000,1,0.000000000,0.000000000
100000001427082100,100000000655469100,20000.000000000,2,3026.252046100,0.151312602
100000001427082100,100000002448088100,5000.000000000,1,0.000000000,0.000000000
100000001427082100,100000002478829100,34000.000000000,1,0.000000000,0.000000000
100000001427082100,100000004777215100,60000.000000000,1,0.000000000,0.000000000
100000001427082100,100000008321975100,5900.000000000,1,0.000000000,0.000000000
100000001439416100,100000002741024100,10000.000000000,1,0.000000000,0.000000000
100000001439416100,100000007511780100,155000.000000000,2,0.000000000,0.000000000
100000001445848100,100000002217161100,351850.000000000,14,0.000000000,0.000000000
100000001490461100,100000003671721100,5000.000000000,1,0.000000000,0.000000000
100000001526235100,100000000860514100,12000.000000000,1,2598.721682111,0.216560140
100000001526235100,100000000926766100,18750.000000000,1,0.000000000,0.000000000
100000001526235100,100000001788284100,8000.000000000,1,1732.481121407,0.216560140
100000001526235100,100000002472632100,309500.000000000,1,3573.242312902,0.011545209
100000001526235100,100000002708624100,25000.000000000,1,0.000000000,0.000000000
100000001526235100,100000002984403100,20000.000000000,1,0.000000000,0.000000000
100000001526235100,100000004445291100,19500.000000000,2,0.000000000,0.000000000
100000001526235100,100000005505655100,20000.000000000,1,0.000000000,0.000000000
100000001530983100,100000000629812100,10000.000000000,1,0.000000000,0.000000000
100000001530983100,100000001578517100,30000.000000000,1,0.000000000,0.000000000
100000001530983100,100000002173070100,30000.000000000,1,0.000000000,0.000000000
100000001530983100,100000002469065100,200000.000000000,1,0.000000000,0.000000000
100000001530983100,100000002939838100,340000.000000000,1,84726.048336947,0.249194260
100000001530983100,100000003112436100,100000.000000000,1,24919.425981455,0.249194260
100000001530983100,100000004400361100,10000.000000000,1,0.000000000,0.000000000
100000001530983100,100000004756901100,153248.000000000,1,0.000000000,0.000000000
100000001530983100,100000006248077100,50000.000000000,1,12459.712990728,0.249194260
100000001530983100,100000007617808100,450000.000000000,1,0.000000000,0.000000000
100000001530983100,100000007777377100,456290.000000000,7,270508.812690870,0.592844052
100000001534244100,100000006381453100,45000.000000000,1,0.000000000,0.000000000
100000001597505100,100000004015047100,12920.000000000,1,0.000000000,0.000000000
100000001600934100,100000005140601100,11000.000000000,1,529.866888519,0.048169717
100000001601320100,100000004096559100,46200.000000000,1,0.000000000,0.000000000
100000001609499100,100000002398779100,10000.000000000,1,3570.215078692,0.357021508
100000001609499100,100000006866783100,11000.000000000,1,3927.236586562,0.357021508
100000001616816100,100000001641789100,17826.000000000,1,17826.000000000,1.000000000
100000001616816100,100000001937767100,53000.000000000,1,53000.000000000,1.000000000
100000001616816100,100000004015047100,110500.000000000,8,110500.000000000,1.000000000
100000001637376100,100000008376785100,234250.000000000,2,0.000000000,0.000000000
100000001650895100,100000001202637100,10000.000000000,1,0.000000000,0.000000000
100000001660397100,100000006866783100,24000.000000000,2,0.000000000,0.000000000
100000001660397100,100000008413748100,13000.000000000,1,0.000000000,0.000000000
100000001660397100,100000008477350100,12000.000000000,1,12000.000000000,1.000000000
100000001677389100,100000008255655100,5400.000000000,1,0.000000000,0.000000000
100000001677929100,100000001740277100,8700.000000000,1,0.000000000,0.000000000
100000001677929100,100000002394199100,277398.000000000,3,0.000000000,0.000000000
100000001697501100,100000000625169100,10000.000000000,1,0.000000000,0.000000000
100000001697501100,100000000718427100,6000.000000000,1,0.000000000,0.000000000
100000001697501100,100000001166289100,238200.000000000,9,5000.000000000,0.020990764
100000001697501100,100000001308856100,27000.000000000,1,0.000000000,0.000000000
100000001697501100,100000001418900100,40140.000000000,2,0.000000000,0.000000000
100000001697501100,100000002199091100,65000.000000000,1,0.000000000,0.000000000
100000001697501100,100000002527114100,90000.000000000,2,0.000000000,0.000000000
100000001697501100,100000002578405100,120000.000000000,2,0.000000000,0.000000000
100000001697501100,100000002733905100,45000.000000000,3,192.292047245,0.004273157
100000001697501100,100000002863356100,45000.000000000,1,0.000000000,0.000000000
100000001697501100,100000003336565100,16550.000000000,1,0.000000000,0.000000000
100000001697501100,100000004435304100,26200.000000000,1,0.000000000,0.000000000
100000001697501100,100000004825069100,30000.000000000,4,249.979661418,0.008332655
100000001697501100,100000006612238100,160000.000000000,1,0.000000000,0.000000000
100000001697501100,100000007337374100,20000.000000000,2,0.000000000,0.000000000
100000001697501100,100000007982908100,31080.000000000,1,0.000000000,0.000000000
100000001697501100,100000008283183100,29000.000000000,1,557.646937010,0.019229205
100000001697501100,100000008478414100,10000.000000000,1,0.000000000,0.000000000
100000001697501100,100000008557672100,49125.000000000,1,0.000000000,0.000000000
100000001697501100,100000008656043100,26200.000000000,1,0.000000000,0.000000000
100000001697501100,100000008672480100,13000.000000000,1,0.000000000,0.000000000
100000001697501100,100000008672762100,13000.000000000,1,0.000000000,0.000000000
100000001697501100,100000008683818100,17400.000000000,1,17400.000000000,1.000000000
100000001697501100,100000008687492100,15000.000000000,1,288.438070867,0.019229205
100000001697501100,100000008688476100,24000.000000000,1,461.500913387,0.019229205
100000001697501100,100000008688881100,44211.000000000,1,850.142370073,0.019229205
100000001697501100,100000008691168100,24000.000000000,1,0.000000000,0.000000000
100000001697501100,100000008696692100,19000.000000000,1,0.000000000,0.000000000
100000001697501100,100000008734364100,26200.000000000,1,0.000000000,0.000000000
100000001697501100,100000008736394100,16000.000000000,1,0.000000000,0.000000000
100000001697501100,100000008737958100,22000.000000000,1,0.000000000,0.000000000
100000001697501100,100000008742266100,21000.000000000,1,0.000000000,0.000000000
100000001697501100,100000008749989100,16000.000000000,1,0.000000000,0.000000000
100000001697501100,100000008764436100,13100.000000000,1,0.000000000,0.000000000
100000001697501100,100000008765494100,24000.000000000,1,0.000000000,0.000000000
100000001697501100,100000008771627100,16500.000000000,1,0.000000000,0.000000000
100000001697501100,100000008771814100,23700.000000000,1,0.000000000,0.000000000
100000001697501100,100000008772058100,50000.000000000,1,0.000000000,0.000000000
100000001703168100,100000005061890100,90000.000000000,1,0.000000000,0.000000000
100000001732159100,100000003404627100,465000.000000000,2,465000.000000000,1.000000000
100000001732159100,100000008232832100,337000.000000000,2,337000.000000000,1.000000000
100000001732159100,100000008314203100,322076.000000000,9,322076.000000000,1.000000000
100000001732159100,100000008637537100,381890.000000000,10,381890.000000000,1.000000000
100000001740277100,100000001677929100,5000.000000000,1,0.000000000,0.000000000
100000001746925100,100000005031696100,5000.000000000,1,0.000000000,0.000000000
100000001782980100,100000003164661100,596200.000000000,3,0.000000000,0.000000000
100000001788284100,100000001526235100,56000.000000000,2,0.000000000,0.000000000
100000001788284100,100000002472632100,192900.000000000,2,1732.481121407,0.008981240
100000001788284100,100000004041294100,17800.000000000,2,0.000000000,0.000000000
100000001788284100,100000004674178100,20000.000000000,1,0.000000000,0.000000000
100000001788284100,100000008778753100,10000.000000000,1,-0.000000000,0.000000000
100000001808684100,100000003509750100,37700.000000000,2,0.000000000,0.000000000
100000001825934100,100000002214207100,97000.000000000,1,0.000000000,0.000000000
100000001831496100,100000001463701100,373000.000000000,1,0.000000000,0.000000000
100000001857829100,100000000640800100,80000.000000000,1,370.680313132,0.004633504
100000001857829100,100000002459832100,300000.000000000,1,0.000000000,0.000000000
100000001857829100,100000002481974100,64447.000000000,1,298.615426755,0.004633504
100000001857829100,100000002550141100,100586.000000000,1,466.065624709,0.004633504
100000001857829100,100000003035737100,355570.000000000,1,0.000000000,0.000000000
100000001857829100,100000003115284100,100000.000000000,1,0.000000000,0.000000000
100000001857829100,100000003880331100,100000.000000000,1,0.000000000,0.000000000
100000001857829100,100000003899325100,50120.000000000,1,232.231216177,0.004633504
100000001857829100,100000004689658100,456100.000000000,1,0.000000000,0.000000000
100000001857829100,100000005133757100,40000.000000000,1,0.000000000,0.000000000
100000001857829100,100000005661528100,25000.000000000,1,0.000000000,0.000000000
100000001857829100,100000007170072100,100000.000000000,1,-0.000000000,0.000000000
100000001857829100,100000007908818100,210000.000000000,1,0.000000000,0.000000000
100000001857829100,100000008121806100,67000.000000000,1,310.444762248,0.004633504
100000001857829100,100000008223756100,316170.000000000,1,0.000000000,0.000000000
100000001857829100,100000008603629100,26000.000000000,1,0.000000000,0.000000000
100000001872484100,100000000785800100,19000.000000000,1,19000.000000000,1.000000000
100000001872484100,100000002459163100,20180.000000000,1,20180.000000000,1.000000000
100000001872484100,100000008601794100,475400.000000000,7,475400.000000000,1.000000000
100000001887715100,100000002622822100,750000.000000000,1,0.000000000,0.000000000
100000001893287100,100000004698193100,152700.000000000,14,0.000000000,0.000000000
100000001899164100,100000000297649100,40000.000000000,1,3354.208020365,0.083855201
100000001899164100,100000002193259100,8000.000000000,1,696.515355186,0.087064419
100000001899164100,100000002593038100,28500.000000000,1,2481.335952849,0.087064419
100000001937767100,100000001616816100,53000.000000000,1,0.000000000,0.000000000
100000001937767100,100000001904863100,500000.000000000,1,0.000000000,0.000000000
100000001937767100,100000002605308100,1000000.000000000,3,0.000000000,0.000000000
100000001937767100,100000004905207100,380000.000000000,1,53000.000000000,0.139473684
100000001954534100,100000003289281100,40000.000000000,1,0.000000000,0.000000000
100000001965374100,100000000896111100,287100.000000000,1,0.000000000,0.000000000
100000001965374100,100000004399686100,806000.000000000,2,228656.111252871,0.283692446
100000001965374100,100000005820746100,1989000.000000000,2,0.000000000,0.000000000
100000001987030100,100000005514161100,19000.000000000,1,7196.000000000,0.378736842
100000002032323100,100000002671326100,1050000.000000000,2,0.000000000,0.000000000
100000002121357100,100000008730238100,113000.000000000,1,0.000000000,0.000000000
100000002132479100,100000004159526100,20000.000000000,1,0.000000000,0.000000000
100000002152857100,100000001985793100,420000.000000000,1,61250.000000000,0.145833333
100000002152857100,100000002459093100,500000.000000000,2,43750.000000000,0.087500000
100000002152857100,100000004015047100,70000.000000000,1,0.000000000,0.000000000
100000002152857100,100000005578559100,80000.000000000,1,0.000000000,0.000000000
100000002152857100,100000006240939100,160000.000000000,1,0.000000000,0.000000000
100000002156381100,100000002696152100,21800.000000000,3,0.000000000,0.000000000
100000002175422100,100000001317336100,131196.000000000,1,0.000000000,0.000000000
100000002175422100,100000002212494100,160000.000000000,1,0.000000000,0.000000000
100000002175422100,100000002975437100,530000.000000000,2,0.000000000,0.000000000
100000002175422100,100000003004487100,115000.000000000,6,0.000000000,0.000000000
100000002175422100,100000003557488100,664992.000000000,3,0.000000000,0.000000000
100000002175422100,100000003594472100,20000.000000000,1,0.000000000,0.000000000
100000002185328100,100000002227989100,20000.000000000,1,0.000000000,0.000000000
100000002185328100,100000002231144100,15000.000000000,1,0.000000000,0.000000000
100000002185328100,100000002448088100,10000.000000000,1,0.000000000,0.000000000
100000002185328100,100000002726055100,10000.000000000,1,0.000000000,0.000000000
100000002193259100,100000000933075100,40000.000000000,1,0.000000000,0.000000000
100000002193259100,100000001899164100,9500.000000000,1,137.851997380,0.014510737
100000002193259100,100000002095257100,8500.000000000,1,123.341260814,0.014510737
100000002205022100,100000000629812100,12000.000000000,1,0.000000000,0.000000000
100000002205022100,100000001380107100,6000.000000000,1,0.000000000,0.000000000
100000002205022100,100000003163886100,500000.000000000,1,0.000000000,0.000000000
100000002214301100,100000000291906100,8000.000000000,1,8000.000000000,1.000000000
100000002214664100,100000008778010100,76950.000000000,2,0.000000000,0.000000000
100000002217161100,100000000783406100,6066.000000000,1,0.000000000,0.000000000
100000002217161100,100000000954884100,34000.000000000,1,0.000000000,0.000000000
100000002217161100,100000001445848100,546000.000000000,13,0.000000000,0.000000000
100000002217161100,100000002184107100,6066.000000000,1,0.000000000,0.000000000
100000002217161100,100000003006633100,10000.000000000,1,0.000000000,0.000000000
100000002217161100,100000007647294100,385000.000000000,1,0.000000000,0.000000000
100000002217161100,100000008254576100,8000.000000000,1,0.000000000,0.000000000
100000002224132100,100000000552584100,2500000.000000000,3,9174.813835682,0.003669926
100000002224132100,100000000594783100,2635000.000000000,10,4538.221641753,0.001722285
100000002224132100,100000004603109100,2580000.000000000,6,3986.900022254,0.001545310
100000002224132100,100000004892144100,4400000.000000000,6,2879.142179477,0.000654350
100000002241986100,100000000627521100,6500.000000000,1,0.000000000,0.000000000
100000002241986100,100000001053894100,2000000.000000000,7,0.000000000,0.000000000
100000002241986100,100000001286703100,20500.000000000,1,0.000000000,0.000000000
100000002241986100,100000002594214100,1000000.000000000,1,0.000000000,0.000000000
100000002241986100,100000004047887100,30000.000000000,1,0.000000000,0.000000000
100000002241986100,100000004070530100,20000.000000000,1,0.000000000,0.000000000
100000002267998100,100000001063678100,35000.000000000,1,0.000000000,0.000000000
100000002267998100,100000003701161100,850000.000000000,8,34581.764967078,0.040684429
100000002267998100,100000003718221100,230000.000000000,3,6736.801851367,0.029290443
100000002293421100,100000004180097100,22000.000000000,3,14961.066265217,0.680048467
100000002293421100,100000008502995100,25000.000000000,2,0.000000000,0.000000000
100000002306369100,100000000425407100,20000.000000000,1,3308.358208955,0.165417910
100000002306369100,100000002723538100,20000.000000000,1,0.000000000,0.000000000
100000002306369100,100000008111003100,51000.000000000,1,51000.000000000,1.000000000
100000002306369100,100000008165763100,114000.000000000,4,18857.641791045,0.165417910
100000002306369100,100000008477350100,35000.000000000,1,-0.000000000,0.000000000
100000002306369100,100000008603629100,20900.000000000,1,0.000000000,0.000000000
100000002343825100,100000004979264100,39800.000000000,1,0.000000000,0.000000000
100000002343825100,100000007749747100,50000.000000000,1,0.000000000,0.000000000
100000002356167100,100000005497148100,24000.000000000,2,0.000000000,0.000000000
100000002356167100,100000008074304100,5500.000000000,1,0.000000000,0.000000000
100000002371751100,100000000769919100,250000.000000000,1,200000.000000000,0.800000000
100000002373144100,100000006693788100,10764.000000000,1,0.000000000,0.000000000
100000002391278100,100000004221668100,52700.000000000,2,0.000000000,0.000000000
100000002394199100,100000001677929100,76777.000000000,1,0.000000000,0.000000000
100000002398779100,100000008576243100,66000.000000000,3,2704.651217678,0.040979564
100000002433697100,100000002242455100,110000.000000000,1,0.000000000,0.000000000
100000002445750100,100000004970752100,10000.000000000,1,0.000000000,0.000000000
100000002448088100,100000002229615100,25000.000000000,1,0.000000000,0.000000000
100000002459093100,100000006664478100,55000.000000000,3,0.000000000,0.000000000
100000002472632100,100000008471634100,20000.000000000,1,0.000000000,0.000000000
100000002479804100,100000005507142100,23000.000000000,1,23000.000000000,1.000000000
100000002479804100,100000007289427100,12300.000000000,1,0.000000000,0.000000000
100000002481974100,100000001378288100,268000.000000000,3,131.692317677,0.000491389
100000002481974100,100000002713974100,50000.000000000,1,166.923109079,0.003338462
100000002508637100,100000001256409100,8000.000000000,1,0.000000000,0.000000000
100000002513028100,100000002516862100,81710.000000000,5,0.000000000,0.000000000
100000002513028100,100000004610802100,241000.000000000,18,0.000000000,0.000000000
100000002513028100,100000004780083100,9999.000000000,1,0.000000000,0.000000000
100000002527114100,100000000703902100,25499.000000000,1,25499.000000000,1.000000000
100000002527114100,100000000907277100,17534.000000000,1,17534.000000000,1.000000000
100000002527114100,100000000968253100,15000.000000000,1,15000.000000000,1.000000000
100000002527114100,100000000978041100,44445.000000000,1,44445.000000000,1.000000000
100000002527114100,100000001103905100,18000.000000000,1,18000.000000000,1.000000000
100000002527114100,100000001111763100,17144.000000000,1,17144.000000000,1.000000000
100000002527114100,100000001307612100,38483.000000000,1,38483.000000000,1.000000000
100000002527114100,100000001389255100,16136.000000000,1,16136.000000000,1.000000000
100000002527114100,100000001697501100,25000.000000000,1,25000.000000000,1.000000000
100000002527114100,100000001716579100,13916.000000000,1,13916.000000000,1.000000000
100000002527114100,100000001870116100,24000.000000000,1,24000.000000000,1.000000000
100000002527114100,100000001952325100,77888.000000000,2,77888.000000000,1.000000000
100000002527114100,100000001953577100,15600.000000000,1,15600.000000000,1.000000000
100000002527114100,100000002158488100,31723.000000000,1,31723.000000000,1.000000000
100000002527114100,100000002211413100,37000.000000000,1,37000.000000000,1.000000000
100000002527114100,100000002214570100,26471.000000000,1,26471.000000000,1.000000000
100000002527114100,100000002243354100,20879.000000000,1,20879.000000000,1.000000000
100000002527114100,100000002289937100,20000.000000000,1,20000.000000000,1.000000000
100000002527114100,100000002810870100,33677.000000000,1,33677.000000000,1.000000000
100000002527114100,100000002830055100,14000.000000000,1,14000.000000000,1.000000000
100000002527114100,100000002858835100,24400.000000000,1,24400.000000000,1.000000000
100000002527114100,100000002982252100,20320.000000000,1,20320.000000000,1.000000000
100000002527114100,100000002992171100,14627.000000000,1,14627.000000000,1.000000000
100000002527114100,100000003119550100,21000.000000000,1,21000.000000000,1.000000000
100000002527114100,100000003187359100,19072.000000000,1,19072.000000000,1.000000000
100000002527114100,100000003567087100,62115.000000000,1,62115.000000000,1.000000000
100000002527114100,100000003942602100,30000.000000000,1,30000.000000000,1.000000000
100000002527114100,100000004058740100,30000.000000000,1,30000.000000000,1.000000000
100000002527114100,100000004213658100,25347.000000000,1,25347.000000000,1.000000000
100000002527114100,100000004218576100,26144.000000000,1,26144.000000000,1.000000000
100000002527114100,100000004254434100,44445.000000000,2,44445.000000000,1.000000000
100000002527114100,100000004388209100,11800.000000000,1,11800.000000000,1.000000000
100000002527114100,100000004491881100,17144.000000000,1,17144.000000000,1.000000000
100000002527114100,100000004494983100,35000.000000000,1,35000.000000000,1.000000000
100000002527114100,100000004497606100,15534.000000000,1,15534.000000000,1.000000000
100000002527114100,100000004739664100,12000.000000000,1,12000.000000000,1.000000000
100000002527114100,100000004783447100,26200.000000000,1,26200.000000000,1.000000000
100000002527114100,100000004792397100,73520.000000000,1,73520.000000000,1.000000000
100000002527114100,100000004841728100,52208.000000000,1,52208.000000000,1.000000000
100000002527114100,100000005092518100,26144.000000000,1,26144.000000000,1.000000000
100000002527114100,100000005228059100,26000.000000000,1,26000.000000000,1.000000000
100000002527114100,100000005877725100,70000.000000000,1,70000.000000000,1.000000000
100000002527114100,100000005901606100,35660.000000000,1,35660.000000000,1.000000000
100000002527114100,100000005961971100,47353.000000000,1,47353.000000000,1.000000000
100000002527114100,100000006030946100,73289.000000000,1,73289.000000000,1.000000000
100000002527114100,100000006326645100,25264.000000000,1,25264.000000000,1.000000000
100000002527114100,100000006369769100,40000.000000000,1,40000.000000000,1.000000000
100000002527114100,100000006656003100,20000.000000000,1,20000.000000000,1.000000000
100000002527114100,100000007631637100,15341.000000000,1,15341.000000000,1.000000000
100000002527114100,100000007938486100,39500.000000000,1,39500.000000000,1.000000000
100000002527114100,100000008028628100,57224.000000000,1,57224.000000000,1.000000000
100000002527114100,100000008470470100,33547.000000000,1,33547.000000000,1.000000000
100000002527114100,100000008661585100,43141.000000000,1,43141.000000000,1.000000000
100000002527114100,100000008663007100,14000.000000000,1,14000.000000000,1.000000000
100000002527114100,100000008666075100,26217.000000000,1,26217.000000000,1.000000000
100000002527114100,100000008667058100,17534.000000000,1,17534.000000000,1.000000000
100000002527114100,100000008670667100,15534.000000000,1,15534.000000000,1.000000000
100000002527114100,100000008671026100,23534.000000000,1,23534.000000000,1.000000000
100000002527114100,100000008672162100,15550.000000000,1,15550.000000000,1.000000000
100000002527114100,100000008672200100,8511.000000000,1,8511.000000000,1.000000000
100000002527114100,100000008679986100,19000.000000000,1,19000.000000000,1.000000000
100000002527114100,100000008680451100,23534.000000000,1,23534.000000000,1.000000000
100000002527114100,100000008687671100,37500.000000000,1,37500.000000000,1.000000000
100000002527114100,100000008690932100,23000.000000000,1,23000.000000000,1.000000000
100000002527114100,100000008691027100,17534.000000000,1,17534.000000000,1.000000000
100000002527114100,100000008691330100,21440.000000000,1,21440.000000000,1.000000000
100000002527114100,100000008691495100,27000.000000000,1,27000.000000000,1.000000000
100000002527114100,100000008693069100,20000.000000000,1,20000.000000000,1.000000000
100000002527114100,100000008695495100,21000.000000000,1,21000.000000000,1.000000000
100000002527114100,100000008696919100,31945.000000000,1,31945.000000000,1.000000000
100000002527114100,100000008708368100,23677.000000000,1,23677.000000000,1.000000000
100000002527114100,100000008716222100,18000.000000000,1,18000.000000000,1.000000000
100000002527114100,100000008716439100,12267.000000000,1,12267.000000000,1.000000000
100000002527114100,100000008716773100,15677.000000000,1,15677.000000000,1.000000000
100000002527114100,100000008717340100,41500.000000000,1,41500.000000000,1.000000000
100000002527114100,100000008717341100,14627.000000000,1,14627.000000000,1.000000000
100000002527114100,100000008718089100,15534.000000000,1,15534.000000000,1.000000000
100000002527114100,100000008720798100,15534.000000000,1,15534.000000000,1.000000000
100000002527114100,100000008722328100,23677.000000000,1,23677.000000000,1.000000000
100000002527114100,100000008729801100,17534.000000000,1,17534.000000000,1.000000000
100000002527114100,100000008732098100,15677.000000000,1,15677.000000000,1.000000000
100000002527114100,100000008735384100,39220.000000000,1,39220.000000000,1.000000000
100000002527114100,100000008736173100,31060.000000000,1,31060.000000000,1.000000000
100000002527114100,100000008736760100,54757.000000000,1,54757.000000000,1.000000000
100000002527114100,100000008737422100,76903.000000000,1,76903.000000000,1.000000000
100000002527114100,100000008737958100,31373.000000000,1,31373.000000000,1.000000000
100000002527114100,100000008741372100,35975.000000000,1,35975.000000000,1.000000000
100000002527114100,100000008744849100,44445.000000000,1,44445.000000000,1.000000000
100000002527114100,100000008745474100,40559.000000000,1,40559.000000000,1.000000000
100000002527114100,100000008745489100,55539.000000000,1,55539.000000000,1.000000000
100000002527114100,100000008745643100,20313.000000000,1,20313.000000000,1.000000000
100000002527114100,100000008745725100,47060.000000000,1,47060.000000000,1.000000000
100000002527114100,100000008746025100,22000.000000000,1,22000.000000000,1.000000000
100000002527114100,100000008746673100,53048.000000000,1,53048.000000000,1.000000000
100000002527114100,100000008749063100,19000.000000000,1,19000.000000000,1.000000000
100000002527114100,100000008749406100,17144.000000000,1,17144.000000000,1.000000000
100000002527114100,100000008749618100,47280.000000000,1,47280.000000000,1.000000000
100000002527114100,100000008753193100,35225.000000000,1,35225.000000000,1.000000000
100000002527114100,100000008755361100,14627.000000000,1,14627.000000000,1.000000000
100000002527114100,100000008767925100,17144.000000000,1,17144.000000000,1.000000000
100000002527114100,100000008768896100,47060.000000000,1,47060.000000000,1.000000000
100000002527114100,100000008769636100,23118.000000000,1,23118.000000000,1.000000000
100000002527114100,100000008771819100,38900.000000000,1,38900.000000000,1.000000000
100000002527114100,100000008773876100,26120.000000000,1,26120.000000000,1.000000000
100000002527114100,100000008776298100,42800.000000000,1,42800.000000000,1.000000000
100000002527114100,100000008776576100,14765.000000000,1,14765.000000000,1.000000000
100000002527114100,100000008777088100,18000.000000000,1,18000.000000000,1.000000000
100000002527114100,100000008779584100,31400.000000000,1,31400.000000000,1.000000000
100000002527114100,100000008782056100,29082.000000000,1,29082.000000000,1.000000000
100000002527114100,100000008782421100,49680.000000000,1,49680.000000000,1.000000000
100000002527114100,100000008782800100,43381.000000000,1,43381.000000000,1.000000000
100000002531406100,100000001669260100,500000.000000000,1,0.000000000,0.000000000
100000002537811100,100000003622955100,15000.000000000,1,0.000000000,0.000000000
100000002575080100,100000002832753100,12500.000000000,1,0.000000000,0.000000000
100000002578405100,100000000572276100,13075.000000000,1,0.000000000,0.000000000
100000002578405100,100000000661131100,15600.000000000,1,0.000000000,0.000000000
100000002578405100,100000001149815100,12000.000000000,1,0.000000000,0.000000000
100000002578405100,100000001155773100,21500.000000000,1,0.000000000,0.000000000
100000002578405100,100000001632325100,85600.000000000,3,0.000000000,0.000000000
100000002578405100,100000001697501100,73700.000000000,1,0.000000000,0.000000000
100000002578405100,100000002103448100,27000.000000000,1,0.000000000,0.000000000
100000002578405100,100000002116705100,17600.000000000,1,0.000000000,0.000000000
100000002578405100,100000002214664100,7950.000000000,1,0.000000000,0.000000000
100000002578405100,100000002216999100,23677.000000000,1,0.000000000,0.000000000
100000002578405100,100000002305007100,56000.000000000,1,0.000000000,0.000000000
100000002578405100,100000002346166100,6000.000000000,1,0.000000000,0.000000000
100000002578405100,100000002369443100,50000.000000000,1,0.000000000,0.000000000
100000002578405100,100000002369510100,37150.000000000,1,0.000000000,0.000000000
100000002578405100,100000002373386100,24000.000000000,1,0.000000000,0.000000000
100000002578405100,100000002511581100,17600.000000000,1,0.000000000,0.000000000
100000002578405100,100000002614095100,5300.000000000,1,0.000000000,0.000000000
100000002578405100,100000002646745100,12300.000000000,1,0.000000000,0.000000000
100000002578405100,100000002908521100,44500.000000000,1,0.000000000,0.000000000
100000002578405100,100000002913340100,23600.000000000,1,0.000000000,0.000000000
100000002578405100,100000003192309100,17200.000000000,1,0.000000000,0.000000000
100000002578405100,100000004140994100,18650.000000000,1,0.000000000,0.000000000
100000002578405100,100000004257714100,52220.000000000,1,0.000000000,0.000000000
100000002578405100,100000004292885100,112700.000000000,1,0.000000000,0.000000000
100000002578405100,100000004634420100,26150.000000000,1,0.000000000,0.000000000
100000002578405100,100000005041905100,5000.000000000,1,0.000000000,0.000000000
100000002578405100,100000005089460100,12300.000000000,1,0.000000000,0.000000000
100000002578405100,100000005198498100,28800.000000000,1,0.000000000,0.000000000
100000002578405100,100000005674387100,26200.000000000,1,0.000000000,0.000000000
100000002578405100,100000005847078100,16300.000000000,1,0.000000000,0.000000000
100000002578405100,100000005995391100,17200.000000000,1,0.000000000,0.000000000
100000002578405100,100000006471232100,41800.000000000,1,0.000000000,0.000000000
100000002578405100,100000006491272100,26200.000000000,1,0.000000000,0.000000000
100000002578405100,100000006701983100,27000.000000000,1,0.000000000,0.000000000
100000002578405100,100000006710485100,20000.000000000,1,0.000000000,0.000000000
100000002578405100,100000006746688100,41000.000000000,1,0.000000000,0.000000000
100000002578405100,100000007022818100,17200.000000000,1,0.000000000,0.000000000
100000002578405100,100000007303047100,52250.000000000,1,0.000000000,0.000000000
100000002578405100,100000008055972100,28300.000000000,1,0.000000000,0.000000000
100000002578405100,100000008190442100,13000.000000000,1,0.000000000,0.000000000
100000002578405100,100000008309514100,17200.000000000,1,0.000000000,0.000000000
100000002578405100,100000008463968100,10000.000000000,1,0.000000000,0.000000000
100000002578405100,100000008488166100,5600.000000000,1,0.000000000,0.000000000
100000002578405100,100000008489604100,11000.000000000,1,0.000000000,0.000000000
100000002578405100,100000008493007100,26150.000000000,1,0.000000000,0.000000000
100000002578405100,100000008507703100,28500.000000000,1,0.000000000,0.000000000
100000002578405100,100000008537380100,8000.000000000,1,0.000000000,0.000000000
100000002578405100,100000008548853100,14000.000000000,1,0.000000000,0.000000000
100000002578405100,100000008653041100,28000.000000000,1,0.000000000,0.000000000
100000002578405100,100000008661550100,22800.000000000,1,0.000000000,0.000000000
100000002578405100,100000008662216100,26200.000000000,1,0.000000000,0.000000000
100000002578405100,100000008662805100,16500.000000000,1,0.000000000,0.000000000
100000002578405100,100000008663723100,15600.000000000,1,0.000000000,0.000000000
100000002578405100,100000008664774100,16300.000000000,1,0.000000000,0.000000000
100000002578405100,100000008667795100,34000.000000000,1,0.000000000,0.000000000
100000002578405100,100000008667799100,34000.000000000,1,0.000000000,0.000000000
100000002578405100,100000008668099100,15700.000000000,1,0.000000000,0.000000000
100000002578405100,100000008671081100,37200.000000000,1,0.000000000,0.000000000
100000002578405100,100000008671129100,26200.000000000,1,0.000000000,0.000000000
100000002578405100,100000008672493100,14000.000000000,1,0.000000000,0.000000000
100000002578405100,100000008677518100,48700.000000000,1,0.000000000,0.000000000
100000002578405100,100000008684452100,51800.000000000,1,0.000000000,0.000000000
100000002578405100,100000008684767100,31100.000000000,1,0.000000000,0.000000000
100000002578405100,100000008684951100,17200.000000000,1,0.000000000,0.000000000
100000002578405100,100000008686494100,15700.000000000,1,0.000000000,0.000000000
100000002578405100,100000008687617100,43350.000000000,2,0.000000000,0.000000000
100000002578405100,100000008687733100,14650.000000000,1,0.000000000,0.000000000
100000002578405100,100000008687990100,17600.000000000,1,0.000000000,0.000000000
100000002578405100,100000008688109100,12800.000000000,1,0.000000000,0.000000000
100000002578405100,100000008688155100,23600.000000000,1,0.000000000,0.000000000
100000002578405100,100000008690762100,26750.000000000,1,0.000000000,0.000000000
100000002578405100,100000008695133100,36610.000000000,1,0.000000000,0.000000000
100000002578405100,100000008695566100,33700.000000000,1,0.000000000,0.000000000
100000002578405100,100000008695689100,26200.000000000,1,0.000000000,0.000000000
100000002578405100,100000008697670100,25350.000000000,1,0.000000000,0.000000000
100000002578405100,100000008706846100,14200.000000000,1,0.000000000,0.000000000
100000002578405100,100000008706947100,17200.000000000,1,0.000000000,0.000000000
100000002578405100,100000008707810100,26200.000000000,1,0.000000000,0.000000000
100000002578405100,100000008708061100,8650.000000000,1,0.000000000,0.000000000
100000002578405100,100000008708595100,17200.000000000,1,0.000000000,0.000000000
100000002578405100,100000008708743100,15550.000000000,1,0.000000000,0.000000000
100000002578405100,100000008712036100,21000.000000000,1,0.000000000,0.000000000
100000002578405100,100000008712184100,18000.000000000,1,0.000000000,0.000000000
100000002578405100,100000008712827100,76000.000000000,1,0.000000000,0.000000000
100000002578405100,100000008712991100,66100.000000000,1,0.000000000,0.000000000
100000002578405100,100000008713685100,49700.000000000,1,0.000000000,0.000000000
100000002578405100,100000008715887100,18000.000000000,1,0.000000000,0.000000000
100000002578405100,100000008716072100,12100.000000000,1,0.000000000,0.000000000
100000002578405100,100000008717802100,26150.000000000,1,0.000000000,0.000000000
100000002578405100,100000008718811100,73300.000000000,1,0.000000000,0.000000000
100000002578405100,100000008720668100,16000.000000000,1,0.000000000,0.000000000
100000002578405100,100000008735832100,17600.000000000,1,0.000000000,0.000000000
100000002578405100,100000008738658100,29920.000000000,1,0.000000000,0.000000000
100000002578405100,100000008740793100,21000.000000000,1,0.000000000,0.000000000
100000002578405100,100000008744364100,23700.000000000,1,0.000000000,0.000000000
100000002578405100,100000008744799100,12600.000000000,1,0.000000000,0.000000000
100000002578405100,100000008745863100,22900.000000000,1,0.000000000,0.000000000
100000002578405100,100000008745884100,20000.000000000,1,0.000000000,0.000000000
100000002578405100,100000008749405100,37150.000000000,1,0.000000000,0.000000000
100000002578405100,100000008749900100,17150.000000000,1,0.000000000,0.000000000
100000002578405100,100000008750464100,8500.000000000,1,0.000000000,0.000000000
100000002578405100,100000008753061100,28400.000000000,2,0.000000000,0.000000000
100000002578405100,100000008753897100,24050.000000000,1,0.000000000,0.000000000
100000002578405100,100000008754608100,12300.000000000,1,0.000000000,0.000000000
100000002578405100,100000008754747100,45500.000000000,1,0.000000000,0.000000000
100000002578405100,100000008754997100,18000.000000000,1,0.000000000,0.000000000
100000002578405100,100000008755168100,17600.000000000,1,0.000000000,0.000000000
100000002578405100,100000008755580100,16000.000000000,1,0.000000000,0.000000000
100000002578405100,100000008763688100,21000.000000000,1,0.000000000,0.000000000
100000002578405100,100000008764654100,26150.000000000,1,0.000000000,0.000000000
100000002578405100,100000008767950100,17350.000000000,1,0.000000000,0.000000000
100000002578405100,100000008769097100,31100.000000000,1,0.000000000,0.000000000
100000002578405100,100000008772246100,44500.000000000,1,0.000000000,0.000000000
100000002578405100,100000008776310100,19200.000000000,1,0.000000000,0.000000000
100000002578405100,100000008776420100,69500.000000000,1,0.000000000,0.000000000
100000002578405100,100000008776720100,26150.000000000,1,0.000000000,0.000000000
100000002580377100,100000002621915100,5000.000000000,1,5000.000000000,1.000000000
100000002592567100,100000004019124100,40000.000000000,1,5297.000000000,0.132425000
100000002592567100,100000008547844100,8600.000000000,1,0.000000000,0.000000000
100000002597003100,100000002721825100,11000.000000000,1,0.000000000,0.000000000
100000002606567100,100000001241318100,53000.000000000,1,0.000000000,0.000000000
100000002609774100,100000008104567100,27500.000000000,1,0.000000000,0.000000000
100000002611334100,100000004222274100,15500.000000000,1,0.000000000,0.000000000
100000002612809100,100000000600707100,89000.000000000,2,0.000000000,0.000000000
100000002612809100,100000002130400100,10000.000000000,1,0.000000000,0.000000000
100000002612809100,100000005507142100,15000.000000000,1,0.000000000,0.000000000
100000002628576100,100000002208836100,90000.000000000,1,0.000000000,0.000000000
100000002628576100,100000007841978100,449000.000000000,1,0.000000000,0.000000000
100000002645993100,100000000332284100,5500.000000000,1,0.000000000,0.000000000
100000002645993100,100000001202787100,8850.000000000,1,0.000000000,0.000000000
100000002645993100,100000002398779100,54150.000000000,5,0.000000000,0.000000000
100000002645993100,100000003741418100,5000.000000000,1,0.000000000,0.000000000
100000002645993100,100000008413748100,13480.000000000,1,0.000000000,0.000000000
100000002648315100,100000002744581100,12000.000000000,1,12000.000000000,1.000000000
100000002648315100,100000006989106100,64000.000000000,2,64000.000000000,1.000000000
100000002677201100,100000003125997100,87750.000000000,1,0.000000000,0.000000000
100000002681449100,100000003404627100,120000.000000000,1,0.000000000,0.000000000
100000002681449100,100000004486525100,13000.000000000,1,11900.000000000,0.915384615
100000002692750100,100000003636627100,77000.000000000,8,2673.326443909,0.034718525
100000002696152100,100000002156381100,51000.000000000,6,0.000000000,0.000000000
100000002696152100,100000002723439100,18000.000000000,2,0.000000000,0.000000000
100000002713074100,100000002686226100,430000.000000000,2,0.000000000,0.000000000
100000002723538100,100000002534091100,22200.000000000,1,0.000000000,0.000000000
100000002723538100,100000002973903100,30200.000000000,1,0.000000000,0.000000000
100000002723538100,100000003071930100,50000.000000000,1,-0.000000000,0.000000000
100000002723538100,100000003242289100,33000.000000000,1,0.000000000,0.000000000
100000002723538100,100000003684369100,38000.000000000,1,0.000000000,0.000000000
100000002723538100,100000003747133100,19000.000000000,1,0.000000000,0.000000000
100000002723538100,100000004071080100,32000.000000000,1,0.000000000,0.000000000
100000002723538100,100000004417753100,92099.000000000,1,0.000000000,0.000000000
100000002723538100,100000004962193100,54000.000000000,2,0.000000000,0.000000000
100000002723538100,100000008603629100,85000.000000000,2,0.000000000,0.000000000
100000002723538100,100000008620570100,80000.000000000,1,-0.000000000,0.000000000
100000002723538100,100000008686214100,25000.000000000,1,-0.000000000,0.000000000
100000002731501100,100000001330595100,22000.000000000,2,0.000000000,0.000000000
100000002731501100,100000003031890100,215000.000000000,10,8770.744031235,0.040794158
100000002731501100,100000003275398100,300000.000000000,1,0.000000000,0.000000000
100000002731501100,100000004007116100,201960.000000000,3,715.378137535,0.003542177
100000002731501100,100000004144536100,5000.000000000,1,1736.111111111,0.347222222
100000002731501100,100000004160650100,40000.000000000,2,286.851358302,0.007171284
100000002731501100,100000008774237100,50000.000000000,1,58.894169501,0.001177883
100000002733905100,100000001166289100,482839.000000000,1,0.000000000,0.000000000
100000002733905100,100000005342513100,235000.000000000,2,192.292047245,0.000818264
100000002736033100,100000008327791100,11000.000000000,1,0.000000000,0.000000000
100000002738256100,100000004135268100,175000.000000000,1,0.000000000,0.000000000
100000002741024100,100000000782285100,6151.000000000,1,0.000000000,0.000000000
100000002741024100,100000001439416100,10000.000000000,1,0.000000000,0.000000000
100000002741024100,100000003996562100,7700.000000000,1,0.000000000,0.000000000
100000002741024100,100000006444163100,6026.000000000,1,0.000000000,0.000000000
100000002741024100,100000007629096100,360000.000000000,1,0.000000000,0.000000000
100000002741024100,100000008680912100,45112.000000000,2,0.000000000,0.000000000
100000002748180100,100000001279875100,49235.000000000,1,0.000000000,0.000000000
100000002748180100,100000002680477100,25000.000000000,1,0.000000000,0.000000000
100000002748180100,100000003054328100,140000.000000000,1,0.000000000,0.000000000
100000002748180100,100000005237935150,34508.000000000,1,0.000000000,0.000000000
100000002748180100,100000005242320100,180000.000000000,1,9900.000000000,0.055000000
100000002748180100,100000005514161100,125000.000000000,2,0.000000000,0.000000000
100000002748180100,100000005931985100,76000.000000000,1,0.000000000,0.000000000
100000002748180100,100000007534354100,50000.000000000,1,0.000000000,0.000000000
100000002748532100,100000001714173100,638905.000000000,6,487.500942688,0.000763026
100000002748532100,100000008751380100,7780.000000000,1,0.000000000,0.000000000
100000002762076100,100000008655035100,30000.000000000,1,0.000000000,0.000000000
100000002773323100,100000002884708100,1171644.000000000,2,0.000000000,0.000000000
100000002781227100,100000002796853100,199000.000000000,8,152464.832406525,0.766154937
100000002781227100,100000008466579100,6952.000000000,1,6031.191186773,0.867547639
100000002781227100,100000008547948100,6468.000000000,1,5611.298129466,0.867547639
100000002796853100,100000002781227100,46167.620000000,5,22856.850089976,0.495084002
100000002812641100,100000002838861100,7023.950000000,1,0.000000000,0.000000000
100000002831727100,100000005628518100,77000.000000000,3,0.000000000,0.000000000
100000002838861100,100000002812641100,10000.000000000,1,0.000000000,0.000000000
100000002849158100,100000002126791100,1313000.000000000,3,0.000000000,0.000000000
100000002863356100,100000005756535100,20000.000000000,1,0.000000000,0.000000000
100000002870463100,100000005142492100,10000.000000000,1,0.000000000,0.000000000
100000002901457100,100000000913911100,41000.000000000,1,0.000000000,0.000000000
100000002901457100,100000003207060100,53000.000000000,1,0.000000000,0.000000000
100000002901457100,100000008588665100,25000.000000000,1,0.000000000,0.000000000
100000002904919100,100000004013952100,5500.000000000,1,0.000000000,0.000000000
100000002916006100,100000008516839100,32000.000000000,1,32000.000000000,1.000000000
100000002921047100,100000002635780100,163000.020000000,1,84393.501479290,0.517751479
100000002933386100,100000003247600100,58000.000000000,1,0.000000000,0.000000000
100000002938501100,100000000490383100,5000.000000000,1,0.000000000,0.000000000
100000002941114100,100000005168487100,15000.000000000,1,5102.040816327,0.340136054
100000002957787100,100000000961900100,9000.000000000,1,0.000000000,0.000000000
100000002957787100,100000001160401100,47190.000000000,2,0.000000000,0.000000000
100000002957787100,100000001229743100,7000.000000000,1,0.000000000,0.000000000
100000002957787100,100000001689968100,58866.750000000,1,0.000000000,0.000000000
100000002957787100,100000002380341100,57566.400000000,1,0.000000000,0.000000000
100000002957787100,100000002603371100,9300.000000000,1,0.000000000,0.000000000
100000002957787100,100000002611334100,48288.000000000,1,0.000000000,0.000000000
100000002957787100,100000002645609100,79596.680000000,2,0.000000000,0.000000000
100000002957787100,100000002645993100,14000.000000000,1,0.000000000,0.000000000
100000002957787100,100000002736316100,189690.000000000,1,0.000000000,0.000000000
100000002957787100,100000002934441100,24777.600000000,1,0.000000000,0.000000000
100000002957787100,100000003004487100,11467.800000000,1,0.000000000,0.000000000
100000002957787100,100000003066385100,10000.000000000,1,0.000000000,0.000000000
100000002957787100,100000003582677100,8104.990000000,1,0.000000000,0.000000000
100000002957787100,100000004071070100,5000.000000000,1,0.000000000,0.000000000
100000002957787100,100000004071080100,15000.000000000,2,0.000000000,0.000000000
100000002957787100,100000004299488100,70000.000000000,1,0.000000000,0.000000000
100000002957787100,100000004493586100,7500.000000000,1,0.000000000,0.000000000
100000002957787100,100000004662806100,9005.000000000,1,0.000000000,0.000000000
100000002957787100,100000004770073100,5462.400000000,1,0.000000000,0.000000000
100000002957787100,100000005008589100,42806.680000000,1,0.000000000,0.000000000
100000002957787100,100000005172860100,15209.200000000,1,0.000000000,0.000000000
100000002957787100,100000005268319100,19712.800000000,2,0.000000000,0.000000000
100000002957787100,100000005314565100,218500.000000000,3,0.000000000,0.000000000
100000002957787100,100000005620225100,5922.660000000,1,0.000000000,0.000000000
100000002957787100,100000005857058100,9510.000000000,1,0.000000000,0.000000000
100000002957787100,100000006100920100,100000.000000000,1,0.000000000,0.000000000
100000002957787100,100000006111439100,5544.000000000,1,0.000000000,0.000000000
100000002957787100,100000006530134100,23423.000000000,1,0.000000000,0.000000000
100000002957787100,100000007267915100,10000.000000000,2,0.000000000,0.000000000
100000002957787100,100000007442518100,60000.000000000,1,0.000000000,0.000000000
100000002957787100,100000008137435100,50000.000000000,1,0.000000000,0.000000000
100000002957787100,100000008632060100,6000.000000000,1,0.000000000,0.000000000
100000002957787100,100000008636603100,22710.000000000,1,0.000000000,0.000000000
100000002958343100,100000000274067100,300000.000000000,8,24189.333333333,0.080631111
100000002958343100,100000002872399100,1090000.000000000,9,71761.688888889,0.065836412
100000002963189100,100000001957974100,500000.000000000,1,0.000000000,0.000000000
100000002963189100,100000002605308100,1500000.000000000,3,0.000000000,0.000000000
100000002963189100,100000002707106100,15000.000000000,2,0.000000000,0.000000000
100000002963189100,100000002883402100,10000.000000000,1,0.000000000,0.000000000
100000002963189100,100000003782913100,200000.000000000,1,0.000000000,0.000000000
100000002963189100,100000005933757100,1150000.000000000,3,0.000000000,0.000000000
100000002963189100,100000008517061100,1844000.000000000,4,0.000000000,0.000000000
100000002970466100,100000004433250100,8000.000000000,1,0.000000000,0.000000000
100000002970466100,100000008735802100,85000.000000000,2,0.000000000,0.000000000
100000002975437100,100000002175422100,8500.000000000,1,0.000000000,0.000000000
100000002984403100,100000000404740100,25000.000000000,1,0.000000000,0.000000000
100000002988894100,100000003003821100,40000.000000000,1,0.000000000,0.000000000
100000002988894100,100000003024542100,8500.000000000,1,0.000000000,0.000000000
100000002988894100,100000007629121100,29000.000000000,1,29000.000000000,1.000000000
100000002989353100,100000000581662100,21160.000000000,1,0.000000000,0.000000000
100000002989353100,100000001311175100,300000.000000000,1,0.000000000,0.000000000
100000002991079100,100000008141170100,11000.000000000,1,0.000000000,0.000000000
100000003001564100,100000003191430100,180000.000000000,1,23520.000000000,0.130666667
100000003001661100,100000000424935100,15000.000000000,1,0.000000000,0.000000000
100000003001661100,100000000581682100,5000.000000000,1,0.000000000,0.000000000
100000003001661100,100000002860934100,279500.000000000,4,0.000000000,0.000000000
100000003001661100,100000003001138100,30000.000000000,1,0.000000000,0.000000000
100000003001661100,100000007382543100,110000.000000000,1,0.000000000,0.000000000
100000003004487100,100000002175422100,40000.000000000,2,0.000000000,0.000000000
100000003004487100,100000002710570100,225015.000000000,1,47967.000000000,0.213172455
100000003016438100,100000004006327100,300000.000000000,3,0.000000000,0.000000000
100000003016635100,100000000440392100,105705.000000000,4,105705.000000000,1.000000000
100000003016635100,100000000507799100,5132.000000000,1,5132.000000000,1.000000000
100000003016635100,100000000667713100,106745.000000000,9,106745.000000000,1.000000000
100000003016635100,100000000706545100,721300.000000000,6,721300.000000000,1.000000000
100000003016635100,100000001049200100,6014.000000000,1,6014.000000000,1.000000000
100000003016635100,100000001164648100,6400.000000000,1,6400.000000000,1.000000000
100000003016635100,100000001530983100,333890.000000000,1,333890.000000000,1.000000000
100000003016635100,100000001567366100,824070.000000000,4,824070.000000000,1.000000000
100000003016635100,100000001684867100,30550.000000000,1,30550.000000000,1.000000000
100000003016635100,100000001805543100,59000.000000000,1,59000.000000000,1.000000000
100000003016635100,100000001851289100,109510.000000000,3,109510.000000000,1.000000000
100000003016635100,100000001987030100,7196.000000000,1,7196.000000000,1.000000000
100000003016635100,100000002173161100,869500.000000000,3,869500.000000000,1.000000000
100000003016635100,100000002580377100,37750.000000000,2,37750.000000000,1.000000000
100000003016635100,100000002592567100,5297.000000000,1,5297.000000000,1.000000000
100000003016635100,100000002600345100,47400.000000000,1,47400.000000000,1.000000000
100000003016635100,100000002609774100,7700.000000000,1,7700.000000000,1.000000000
100000003016635100,100000002704875100,30550.000000000,1,30550.000000000,1.000000000
100000003016635100,100000002778085100,66208.000000000,1,66208.000000000,1.000000000
100000003016635100,100000002793851100,11052.000000000,1,11052.000000000,1.000000000
100000003016635100,100000002861485100,29323.000000000,1,29323.000000000,1.000000000
100000003016635100,100000002890167100,118150.000000000,1,118150.000000000,1.000000000
100000003016635100,100000002938501100,8395.000000000,1,8395.000000000,1.000000000
100000003016635100,100000002952631100,48050.000000000,1,48050.000000000,1.000000000
100000003016635100,100000002991079100,51700.000000000,1,51700.000000000,1.000000000
100000003016635100,100000003001564100,23520.000000000,1,23520.000000000,1.000000000
100000003016635100,100000003042994100,286086.000000000,3,286086.000000000,1.000000000
100000003016635100,100000003057225100,236000.000000000,1,236000.000000000,1.000000000
100000003016635100,100000003134937100,10286.000000000,1,10286.000000000,1.000000000
100000003016635100,100000003163256100,13485.000000000,1,13485.000000000,1.000000000
100000003016635100,100000003701161100,208103.000000000,1,208103.000000000,1.000000000
100000003016635100,100000003713616100,15893.000000000,1,15893.000000000,1.000000000
100000003016635100,100000003886323100,7793.000000000,1,7793.000000000,1.000000000
100000003016635100,100000003900547100,23700.000000000,1,23700.000000000,1.000000000
100000003016635100,100000004186824100,437350.000000000,6,437350.000000000,1.000000000
100000003016635100,100000004188160100,79262.000000000,4,79262.000000000,1.000000000
100000003016635100,100000004206046100,11075.000000000,1,11075.000000000,1.000000000
100000003016635100,100000004330371100,96671.000000000,4,96671.000000000,1.000000000
100000003016635100,100000004360785100,94705.000000000,1,94705.000000000,1.000000000
100000003016635100,100000004394765100,451888.000000000,8,451888.000000000,1.000000000
100000003016635100,100000004408683100,81148.000000000,2,81148.000000000,1.000000000
100000003016635100,100000004559194100,282145.000000000,6,282145.000000000,1.000000000
100000003016635100,100000004588479100,177633.000000000,2,177633.000000000,1.000000000
100000003016635100,100000004664905100,234620.000000000,3,234620.000000000,1.000000000
100000003016635100,100000004707703100,232300.000000000,2,232300.000000000,1.000000000
100000003016635100,100000004741837100,25596.000000000,1,25596.000000000,1.000000000
100000003016635100,100000004790991100,239413.000000000,4,239413.000000000,1.000000000
100000003016635100,100000004948177100,341163.000000000,6,341163.000000000,1.000000000
100000003016635100,100000005287097100,110723.000000000,4,110723.000000000,1.000000000
100000003016635100,100000005339662100,26925.000000000,1,26925.000000000,1.000000000
100000003016635100,100000005505655100,13070.000000000,1,13070.000000000,1.000000000
100000003016635100,100000005539201100,45504.000000000,1,45504.000000000,1.000000000
100000003016635100,100000005634552100,25850.000000000,1,25850.000000000,1.000000000
100000003016635100,100000005958064100,5746.000000000,1,5746.000000000,1.000000000
100000003016635100,100000006069103100,29118.000000000,1,29118.000000000,1.000000000
100000003016635100,100000006177176100,8911.000000000,1,8911.000000000,1.000000000
100000003016635100,100000006518161100,521200.000000000,8,521200.000000000,1.000000000
100000003016635100,100000006579678100,42930.000000000,1,42930.000000000,1.000000000
100000003016635100,100000006658598100,9000.000000000,1,9000.000000000,1.000000000
100000003016635100,100000006952718100,71489.000000000,1,71489.000000000,1.000000000
100000003016635100,100000007281639100,147000.000000000,2,147000.000000000,1.000000000
100000003016635100,100000007442518100,6000.000000000,1,6000.000000000,1.000000000
100000003016635100,100000007511163100,14666.000000000,1,14666.000000000,1.000000000
100000003016635100,100000007544358100,300000.000000000,1,300000.000000000,1.000000000
100000003016635100,100000007641183100,28000.000000000,1,28000.000000000,1.000000000
100000003016635100,100000008003034100,12201.000000000,1,12201.000000000,1.000000000
100000003016635100,100000008116374100,31284.000000000,1,31284.000000000,1.000000000
100000003016635100,100000008169544100,137104.000000000,2,137104.000000000,1.000000000
100000003016635100,100000008173359100,6110.000000000,1,6110.000000000,1.000000000
100000003016635100,100000008188026100,63358.000000000,4,63358.000000000,1.000000000
100000003016635100,100000008486520100,35720.000000000,2,35720.000000000,1.000000000
100000003016635100,100000008723830100,454000.000000000,1,454000.000000000,1.000000000
100000003016635100,100000008724279100,11750.000000000,1,11750.000000000,1.000000000
100000003035737100,100000004800452100,6544.530000000,1,0.000000000,0.000000000
100000003054328100,100000002308091100,186720.000000000,1,0.000000000,0.000000000
100000003054328100,100000008755754100,7000.000000000,1,0.000000000,0.000000000
100000003068941100,100000001130176100,25000.000000000,2,0.000000000,0.000000000
100000003069463100,100000002514975100,17920.000000000,1,5.075063030,0.000283207
100000003071930100,100000000190228100,5000.000000000,1,2382.801867633,0.476560374
100000003104347100,100000000611474100,32000.000000000,1,3361.224880383,0.105038278
100000003105929100,100000008221765100,156354.000000000,1,0.000000000,0.000000000
100000003115284100,100000003360542100,307000.000000000,2,113694.489653569,0.370340357
100000003115284100,100000003390036100,210000.000000000,2,75796.326435713,0.360934888
100000003131016100,100000000661912100,126000.000000000,4,1729.197895147,0.013723793
100000003148220100,100000004971871100,25400.000000000,3,5650.000000000,0.222440945
100000003148220100,100000006888238100,18000.000000000,1,0.000000000,0.000000000
100000003152964100,100000004569637100,5500.000000000,1,16.672534619,0.003031370
100000003154105100,100000002227960100,10000.000000000,1,0.000000000,0.000000000
100000003154105100,100000002304943100,15000.000000000,1,0.000000000,0.000000000
100000003154105100,100000002305477100,20000.000000000,1,0.000000000,0.000000000
100000003154105100,100000002723674100,30000.000000000,1,0.000000000,0.000000000
100000003154105100,100000003105089100,10000.000000000,1,0.000000000,0.000000000
100000003154105100,100000006257675100,70000.000000000,2,0.000000000,0.000000000
100000003154105100,100000006308406100,183000.000000000,2,0.000000000,0.000000000
100000003159641100,100000008625905100,197800.000000000,1,6721.339604888,0.033980483
100000003163256100,100000001530740100,15000.000000000,1,0.000000000,0.000000000
100000003171587100,100000002896506100,45000.000000000,1,0.000000000,0.000000000
100000003171587100,100000003025903100,386300.000000000,6,0.000000000,0.000000000
100000003178549100,100000001089055100,13000.000000000,1,0.000000000,0.000000000
100000003178549100,100000001857829100,59000.000000000,1,0.000000000,0.000000000
100000003178549100,100000003684369100,12000.000000000,1,0.000000000,0.000000000
100000003178549100,100000008244300100,5080.000000000,1,0.000000000,0.000000000
100000003188607100,100000004613582100,5000.000000000,1,0.000000000,0.000000000
100000003190207100,100000001471706100,377000.000000000,8,0.000000000,0.000000000
100000003192309100,100000002214383100,213000.000000000,1,0.000000000,0.000000000
100000003200071100,100000003980083100,30000.000000000,1,30000.000000000,1.000000000
100000003204491100,100000004840086100,100000.000000000,2,1619.634078999,0.016196341
100000003213473100,100000000500040100,20000.000000000,1,0.000000000,0.000000000
100000003213473100,100000003230328100,10000.000000000,1,0.000000000,0.000000000
100000003213473100,100000003684369100,30000.000000000,1,0.000000000,0.000000000
100000003213473100,100000004291663100,25000.000000000,1,0.000000000,0.000000000
100000003213473100,100000004400305100,9000.000000000,1,0.000000000,0.000000000
100000003213473100,100000005782781100,24000.000000000,2,0.000000000,0.000000000
100000003213473100,100000006866783100,10000.000000000,1,0.000000000,0.000000000
100000003213473100,100000007381662100,11000.000000000,1,0.000000000,0.000000000
100000003213473100,100000007731977100,50000.000000000,1,0.000000000,0.000000000
100000003213473100,100000008165763100,40000.000000000,1,0.000000000,0.000000000
100000003213473100,100000008583971100,11000.000000000,1,0.000000000,0.000000000
100000003215448100,100000003078839100,14000.000000000,2,-0.000000000,0.000000000
100000003215448100,100000003186579100,110000.000000000,2,0.000000000,0.000000000
100000003216073100,100000004030553100,70000.000000000,1,0.000000000,0.000000000
100000003221510100,100000001733216100,60000.000000000,2,0.000000000,0.000000000
100000003221510100,100000002505277100,60000.000000000,1,0.000000000,0.000000000
100000003237045100,100000006579678100,150000.000000000,1,0.000000000,0.000000000
100000003242289100,100000001110358100,9000.000000000,1,0.000000000,0.000000000
100000003242289100,100000001248999100,23425.000000000,1,0.000000000,0.000000000
100000003242289100,100000002301828100,46977.000000000,1,0.000000000,0.000000000
100000003242289100,100000002645609100,46670.000000000,1,0.000000000,0.000000000
100000003242289100,100000002713074100,250000.000000000,1,0.000000000,0.000000000
100000003242289100,100000003109805100,36929.000000000,1,0.000000000,0.000000000
100000003242289100,100000003159641100,19000.000000000,2,0.000000000,0.000000000
100000003242289100,100000003964910100,451000.000000000,1,0.000000000,0.000000000
100000003242289100,100000004140487100,24510.000000000,1,0.000000000,0.000000000
100000003242289100,100000004580254100,14870.000000000,1,0.000000000,0.000000000
100000003242289100,100000005530114100,46970.000000000,1,0.000000000,0.000000000
100000003242289100,100000006225798100,400000.000000000,1,0.000000000,0.000000000
100000003242289100,100000007267915100,11000.000000000,1,0.000000000,0.000000000
100000003242289100,100000007653003100,100000.000000000,1,0.000000000,0.000000000
100000003242289100,100000007864477100,6000.000000000,1,0.000000000,0.000000000
100000003242289100,100000008043184100,50564.000000000,1,0.000000000,0.000000000
100000003242289100,100000008193258100,75000.000000000,2,0.000000000,0.000000000
100000003242289100,100000008221543100,522000.000000000,1,0.000000000,0.000000000
100000003242289100,100000008304139100,93570.000000000,1,0.000000000,0.000000000
100000003242289100,100000008405209100,54400.000000000,1,0.000000000,0.000000000
100000003242289100,100000008417359100,40810.000000000,2,0.000000000,0.000000000
100000003242289100,100000008436257100,6046.000000000,1,0.000000000,0.000000000
100000003242289100,100000008512552100,49000.000000000,1,0.000000000,0.000000000
100000003246024100,100000005222360100,5000.000000000,1,4175.216917951,0.835043384
100000003249054100,100000002933386100,15000.000000000,1,8.801964598,0.000586798
100000003254277100,100000007153161100,44997.000000000,1,0.000000000,0.000000000
100000003265158100,100000004386258100,46700.000000000,1,-0.000000000,0.000000000
100000003265158100,100000007242833100,107500.000000000,3,99300.400000000,0.923724651
100000003275398100,100000001330595100,20000.000000000,1,0.000000000,0.000000000
100000003299365100,100000003684369100,200000.000000000,1,0.000000000,0.000000000
100000003321895100,100000002371892100,43830.000000000,1,0.000000000,0.000000000
100000003321895100,100000003692843100,510000.000000000,2,0.000000000,0.000000000
100000003360542100,100000003115284100,30500.000000000,3,0.000000000,0.000000000
100000003360542100,100000003390036100,21300.000000000,2,0.000000000,0.000000000
100000003366154100,100000003292979100,48950.000000000,1,21159.698447280,0.432271674
100000003366154100,100000004105288100,190000.000000000,1,82131.618079330,0.432271674
100000003366154100,100000008352542100,50220.000000000,1,21708.683473389,0.432271674
100000003366471100,100000001845505100,20000.000000000,1,1165.263210205,0.058263161
100000003390036100,100000002537811100,52000.000000000,1,0.000000000,0.000000000
100000003390036100,100000005873152100,10000.000000000,1,0.000000000,0.000000000
100000003406094100,100000000607941100,20000.000000000,1,0.000000000,0.000000000
100000003406094100,100000002748511100,20000.000000000,1,0.000000000,0.000000000
100000003406094100,100000003950749100,7000.000000000,1,0.000000000,0.000000000
100000003457710100,100000003220685100,1306000.000000000,2,0.000000000,0.000000000
100000003484058100,100000003838587100,6000.000000000,1,0.000000000,0.000000000
100000003509750100,100000001639766100,20000.000000000,1,20000.000000000,1.000000000
100000003509750100,100000001808684100,48400.000000000,3,14590.000000000,0.301446281
100000003509750100,100000004697956100,10000.000000000,1,0.000000000,0.000000000
100000003528285100,100000000561160100,240000.000000000,1,6.592705886,0.000027470
100000003528285100,100000003684369100,203000.000000000,3,0.000000000,0.000000000
100000003528285100,100000004107228100,5000.000000000,1,0.000000000,0.000000000
100000003528285100,100000004417753100,100000.000000000,1,2.746960786,0.000027470
100000003557488100,100000002175422100,20000.000000000,2,0.000000000,0.000000000
100000003557488100,100000003696422100,118000.000000000,2,0.000000000,0.000000000
100000003561031100,100000003626268100,5000.000000000,1,0.000000000,0.000000000
100000003574895100,100000004988240100,20000.000000000,1,0.000000000,0.000000000
100000003582677100,100000000332284100,5000.000000000,1,0.000000000,0.000000000
100000003582677100,100000003684369100,10500.000000000,1,0.000000000,0.000000000
100000003582677100,100000008111003100,10000.000000000,1,0.000000000,0.000000000
100000003582677100,100000008165763100,30500.000000000,2,0.000000000,0.000000000
100000003589877100,100000001253557100,50000.000000000,1,0.000000000,0.000000000
100000003589877100,100000002539625100,94700.000000000,1,26000.000000000,0.274551214
100000003589877100,100000002605548100,23215.000000000,1,0.000000000,0.000000000
100000003589877100,100000003016773100,46555.000000000,1,0.000000000,0.000000000
100000003589877100,100000003062895100,178444.000000000,1,0.000000000,0.000000000
100000003589877100,100000005413948100,23215.000000000,1,0.000000000,0.000000000
100000003616818100,100000003603979100,165000.000000000,3,0.000000000,0.000000000
100000003616818100,100000004005964100,40000.000000000,3,2040.816326531,0.051020408
100000003616818100,100000004160650100,35100.000000000,2,5102.040816327,0.145357288
100000003635170100,100000002156381100,10000.000000000,1,2107.290653546,0.210729065
100000003635170100,100000003321423100,100000.000000000,2,10536.453267731,0.105364533
100000003635170100,100000004209339100,138500.000000000,6,0.000000000,0.000000000
100000003635170100,100000005602999100,5000.000000000,1,2380.952380952,0.476190476
100000003636627100,100000002692750100,10000.000000000,1,0.000000000,0.000000000
100000003677936100,100000005849862100,13000.000000000,2,0.000000000,0.000000000
100000003684369100,100000000041368100,160000.000000000,1,160000.000000000,1.000000000
100000003684369100,100000000810551100,100000.000000000,1,100000.000000000,1.000000000
100000003684369100,100000000941942100,130000.000000000,1,130000.000000000,1.000000000
100000003684369100,100000000998559100,100000.000000000,1,100000.000000000,1.000000000
100000003684369100,100000001072022100,740000.000000000,2,740000.000000000,1.000000000
100000003684369100,100000001194266100,50000.000000000,1,50000.000000000,1.000000000
100000003684369100,100000001362940100,81000.000000000,1,81000.000000000,1.000000000
100000003684369100,100000001527186100,678000.000000000,2,678000.000000000,1.000000000
100000003684369100,100000001554432100,53920.000000000,1,53920.000000000,1.000000000
100000003684369100,100000001746925100,65250.000000000,1,65250.000000000,1.000000000
100000003684369100,100000001924185100,36000.000000000,1,36000.000000000,1.000000000
100000003684369100,100000002188829100,400000.000000000,1,400000.000000000,1.000000000
100000003684369100,100000002480800100,230000.000000000,1,230000.000000000,1.000000000
100000003684369100,100000002565277100,483319.000000000,1,483319.000000000,1.000000000
100000003684369100,100000002621949100,164612.000000000,1,164612.000000000,1.000000000
100000003684369100,100000002666248100,70032.000000000,1,70032.000000000,1.000000000
100000003684369100,100000002847207100,46243.000000000,1,46243.000000000,1.000000000
100000003684369100,100000002864256100,135780.000000000,1,135780.000000000,1.000000000
100000003684369100,100000002939838100,93061.000000000,1,93061.000000000,1.000000000
100000003684369100,100000002957306100,188990.000000000,1,188990.000000000,1.000000000
100000003684369100,100000002988894100,306121.000000000,1,306121.000000000,1.000000000
100000003684369100,100000003022835100,125000.000000000,1,125000.000000000,1.000000000
100000003684369100,100000003037660100,53000.000000000,1,53000.000000000,1.000000000
100000003684369100,100000003115284100,193000.000000000,2,193000.000000000,1.000000000
100000003684369100,100000003131693100,353277.000000000,1,353277.000000000,1.000000000
100000003684369100,100000003205210100,137563.000000000,1,137563.000000000,1.000000000
100000003684369100,100000003284932100,69925.000000000,1,69925.000000000,1.000000000
100000003684369100,100000003299365100,200000.000000000,1,200000.000000000,1.000000000
100000003684369100,100000003366154100,125000.000000000,1,125000.000000000,1.000000000
100000003684369100,100000003476560100,50000.000000000,1,50000.000000000,1.000000000
100000003684369100,100000003739818100,57293.000000000,1,57293.000000000,1.000000000
100000003684369100,100000003832231100,35000.000000000,1,35000.000000000,1.000000000
100000003684369100,100000003877908100,40000.000000000,1,40000.000000000,1.000000000
100000003684369100,100000003946524100,113757.000000000,1,113757.000000000,1.000000000
100000003684369100,100000004004621100,25000.000000000,1,25000.000000000,1.000000000
100000003684369100,100000004226848100,301866.000000000,1,301866.000000000,1.000000000
100000003684369100,100000004315838100,25000.000000000,1,25000.000000000,1.000000000
100000003684369100,100000004480280100,146694.000000000,1,146694.000000000,1.000000000
100000003684369100,100000004509286100,40000.000000000,1,40000.000000000,1.000000000
100000003684369100,100000005074393100,193893.000000000,1,193893.000000000,1.000000000
100000003684369100,100000005079754100,70000.000000000,1,70000.000000000,1.000000000
100000003684369100,100000005093521100,15200.000000000,1,15200.000000000,1.000000000
100000003684369100,100000005124479100,48806.000000000,1,48806.000000000,1.000000000
100000003684369100,100000005133757100,25000.000000000,1,25000.000000000,1.000000000
100000003684369100,100000005432267100,250000.000000000,1,250000.000000000,1.000000000
100000003684369100,100000005852946100,23746.000000000,1,23746.000000000,1.000000000
100000003684369100,100000006446271100,50000.000000000,1,50000.000000000,1.000000000
100000003684369100,100000006889963100,311000.000000000,2,311000.000000000,1.000000000
100000003684369100,100000007129492100,25000.000000000,1,25000.000000000,1.000000000
100000003684369100,100000007181706100,163772.000000000,1,163772.000000000,1.000000000
100000003684369100,100000007274584100,38000.000000000,1,38000.000000000,1.000000000
100000003684369100,100000007311010100,38000.000000000,1,38000.000000000,1.000000000
100000003684369100,100000007908818100,235100.000000000,1,235100.000000000,1.000000000
100000003684369100,100000008237827100,40001.000000000,1,40001.000000000,1.000000000
100000003684369100,100000008438656100,55000.000000000,1,55000.000000000,1.000000000
100000003684369100,100000008555918100,139211.000000000,1,139211.000000000,1.000000000
100000003684369100,100000008556318100,116632.000000000,1,116632.000000000,1.000000000
100000003684369100,100000008566737100,104000.000000000,1,104000.000000000,1.000000000
100000003684369100,100000008628231100,50000.000000000,1,50000.000000000,1.000000000
100000003684369100,100000008664469100,25000.000000000,1,25000.000000000,1.000000000
100000003684369100,100000008671929100,75000.000000000,2,75000.000000000,1.000000000
100000003684369100,100000008747113100,92591.000000000,1,92591.000000000,1.000000000
100000003701161100,100000002267998100,220000.000000000,3,50300.969286935,0.228640769
100000003701161100,100000003718221100,120000.000000000,3,18964.059906185,0.158033833
100000003701161100,100000004580202100,9000.000000000,1,2062.460976343,0.229162331
100000003718221100,100000002267998100,200000.000000000,1,0.000000000,0.000000000
100000003718221100,100000003701161100,120000.000000000,3,6772.878537923,0.056440654
100000003718221100,100000005974542100,94500.000000000,3,0.000000000,0.000000000
100000003718221100,100000008677215100,9000.000000000,1,0.000000000,0.000000000
100000003736419100,100000005041147100,10000.000000000,1,82.632501125,0.008263250
100000003741418100,100000001690439100,14200.000000000,1,0.000000000,0.000000000
100000003741418100,100000006111439100,5720.000000000,1,0.000000000,0.000000000
100000003741418100,100000006734214100,20000.000000000,1,0.000000000,0.000000000
100000003747133100,100000002578653100,20000.000000000,1,0.000000000,0.000000000
100000003747133100,100000004722765100,230000.000000000,1,12614.207099687,0.054844379
100000003796063100,100000000331309100,233200.000000000,2,0.000000000,0.000000000
100000003796063100,100000003684369100,18300.000000000,1,0.000000000,0.000000000
100000003796063100,100000003741418100,61800.000000000,2,0.000000000,0.000000000
100000003796063100,100000004400305100,9000.000000000,1,0.000000000,0.000000000
100000003796063100,100000005189258100,50000.000000000,1,0.000000000,0.000000000
100000003796063100,100000005782781100,18500.000000000,1,0.000000000,0.000000000
100000003796063100,100000006866783100,67500.000000000,2,0.000000000,0.000000000
100000003796063100,100000008111003100,35000.000000000,1,0.000000000,0.000000000
100000003796063100,100000008165763100,45200.000000000,2,0.000000000,0.000000000
100000003796063100,100000008172352100,35500.000000000,1,0.000000000,0.000000000
100000003796063100,100000008244300100,27350.000000000,1,0.000000000,0.000000000
100000003796063100,100000008346837100,112000.000000000,1,0.000000000,0.000000000
100000003796063100,100000008477350100,126000.000000000,3,0.000000000,0.000000000
100000003796063100,100000008512552100,78500.000000000,2,0.000000000,0.000000000
100000003796063100,100000008680061100,41300.000000000,2,0.000000000,0.000000000
100000003809101100,100000005799271100,45000.000000000,2,9359.179750080,0.207981772
100000003809101100,100000008254069100,10200.000000000,2,0.000000000,0.000000000
100000003823811100,100000001415126100,27000.000000000,1,0.000000000,0.000000000
100000003823811100,100000005264990100,17070.000000000,1,0.000000000,0.000000000
100000003823811100,100000005409680100,22060.000000000,1,0.000000000,0.000000000
100000003834495100,100000008730371100,20000.000000000,1,15.943882973,0.000797194
100000003835149100,100000001965374100,1699720.000000000,7,228656.111252871,0.134525752
100000003835149100,100000002224132100,2900720.000000000,6,19843.888747129,0.006841022
100000003843844100,100000005711521100,238000.000000000,1,0.000000000,0.000000000
100000003854444100,100000001049200100,70610.000000000,1,0.000000000,0.000000000
100000003854444100,100000001052789100,70975.000000000,1,-0.000000000,0.000000000
100000003854444100,100000001688676100,133700.000000000,1,0.000000000,0.000000000
100000003854444100,100000001690558100,740000.000000000,1,21954.892541087,0.029668774
100000003854444100,100000002799941100,600000.000000000,1,-0.000000000,0.000000000
100000003854444100,100000002906470100,130000.000000000,1,0.000000000,0.000000000
100000003854444100,100000003060187100,93046.000000000,1,0.000000000,0.000000000
100000003854444100,100000003134934100,52985.000000000,1,0.000000000,0.000000000
100000003854444100,100000003497735100,125000.000000000,1,0.000000000,0.000000000
100000003854444100,100000004066647100,51000.000000000,1,1513.107458913,0.029668774
100000003854444100,100000004450649100,51558.000000000,1,0.000000000,0.000000000
100000003854444100,100000004451012100,91245.000000000,1,0.000000000,0.000000000
100000003854444100,100000005661829100,37790.000000000,1,0.000000000,0.000000000
100000003854444100,100000007594394100,75000.000000000,1,0.000000000,0.000000000
100000003873332100,100000001420847100,20000.000000000,2,0.000000000,0.000000000
100000003873332100,100000002831727100,6000.000000000,1,0.000000000,0.000000000
100000003873332100,100000003854444100,210000.000000000,4,23468.000000000,0.111752381
100000003873332100,100000008647905100,50000.000000000,1,0.000000000,0.000000000
100000003880331100,100000000331309100,320000.000000000,3,0.000000000,0.000000000
100000003880331100,100000000413678100,150000.000000000,1,0.000000000,0.000000000
100000003880331100,100000001363952100,127500.000000000,1,0.000000000,0.000000000
100000003880331100,100000001857829100,300000.000000000,3,0.000000000,0.000000000
100000003880331100,100000002596039100,280000.000000000,1,0.000000000,0.000000000
100000003880331100,100000003062895100,150000.000000000,1,0.000000000,0.000000000
100000003880331100,100000003447411100,302000.000000000,3,0.000000000,0.000000000
100000003880331100,100000003448713100,266750.000000000,1,0.000000000,0.000000000
100000003880331100,100000003684369100,402000.000000000,4,0.000000000,0.000000000
100000003880331100,100000003819173100,143777.000000000,1,0.000000000,0.000000000
100000003880331100,100000005432267100,100001.000000000,1,0.000000000,0.000000000
100000003880331100,100000006689603100,400000.000000000,2,0.000000000,0.000000000
100000003880331100,100000008165763100,200000.000000000,1,0.000000000,0.000000000
100000003880331100,100000008603629100,598000.000000000,6,0.000000000,0.000000000
100000003880331100,100000008731444100,94000.000000000,1,0.000000000,0.000000000
100000003880331100,100000008733194100,70880.000000000,1,0.000000000,0.000000000
100000003886323100,100000007749092100,7650.000000000,1,0.000000000,0.000000000
100000003888271100,100000000580561100,18680.000000000,2,5577.000000000,0.298554604
100000003888271100,100000000955444100,6910.000000000,1,6600.000000000,0.955137482
100000003896956100,100000003486846100,27000.000000000,2,0.000000000,0.000000000
100000003899899100,100000004260869100,10000.000000000,1,0.000000000,0.000000000
100000003917461100,100000004200745100,130000.000000000,4,0.000000000,0.000000000
100000003917461100,100000004386258100,10000.000000000,1,0.000000000,0.000000000
100000003923946100,100000001411870100,200000.000000000,1,25581.395348837,0.127906977
100000003923946100,100000002836736100,316000.000000000,1,40418.604651163,0.127906977
100000003923946100,100000003977183100,82000.000000000,1,0.000000000,0.000000000
100000003923946100,100000004015047100,77000.000000000,1,54000.000000000,0.701298701
100000003934614100,100000004336312100,11500.000000000,2,0.000000000,0.000000000
100000003942602100,100000002527114100,30000.000000000,1,0.000000000,0.000000000
100000003946524100,100000000596954100,120000.000000000,1,0.000000000,0.000000000
100000003946524100,100000007898453100,24750.000000000,1,0.000000000,0.000000000
100000003951827100,100000000646541100,10000.000000000,1,0.000000000,0.000000000
100000003951827100,100000003741418100,7000.000000000,1,0.000000000,0.000000000
100000003968044100,100000007071852100,195000.000000000,1,0.000000000,0.000000000
100000003968044100,100000008165763100,20000.000000000,1,0.000000000,0.000000000
100000003968044100,100000008603629100,96000.000000000,2,0.000000000,0.000000000
100000003975102100,100000005382566100,32000.000000000,1,32000.000000000,1.000000000
100000003975102100,100000008650785100,56500.000000000,1,56500.000000000,1.000000000
100000003977183100,100000001960517100,200000.000000000,1,200000.000000000,1.000000000
100000003977183100,100000002824176100,144000.000000000,1,144000.000000000,1.000000000
100000003977183100,100000003923946100,282000.000000000,3,282000.000000000,1.000000000
100000003977183100,100000005778283100,140000.000000000,1,140000.000000000,1.000000000
100000003988112100,100000004403675100,64000.000000000,5,6602.967213115,0.103171363
100000004005964100,100000002731501100,10000.000000000,1,0.000000000,0.000000000
100000004005964100,100000003616818100,35000.000000000,2,7142.857142857,0.204081633
100000004005964100,100000004007116100,27000.000000000,2,2857.142857143,0.105820106
100000004007116100,100000002731501100,10000.000000000,1,10000.000000000,1.000000000
100000004007116100,100000003616818100,15000.000000000,1,15000.000000000,1.000000000
100000004007116100,100000004005964100,10000.000000000,1,10000.000000000,1.000000000
100000004007116100,100000004144536100,113000.000000000,3,113000.000000000,1.000000000
100000004015047100,100000001616816100,69195.000000000,7,33190.976338778,0.479673045
100000004017410100,100000003934614100,10000.000000000,1,0.000000000,0.000000000
100000004017410100,100000004336312100,58915.000000000,4,0.000000000,0.000000000
100000004017410100,100000004856746100,20000.000000000,1,1106.786158780,0.055339308
100000004017410100,100000005519998100,142000.000000000,3,0.000000000,0.000000000
100000004017410100,100000005767403100,1100000.000000000,2,16601.792381707,0.015092539
100000004041163100,100000005382566100,166000.000000000,4,166000.000000000,1.000000000
100000004041163100,100000005523088100,700000.000000000,2,700000.000000000,1.000000000
100000004064431100,100000000704700100,10000.000000000,1,-0.000000000,0.000000000
100000004070318100,100000000489417100,28504.000000000,1,0.000000000,0.000000000
100000004070318100,100000002398779100,61568.000000000,3,0.000000000,0.000000000
100000004070318100,100000002957787100,7600.000000000,1,0.000000000,0.000000000
100000004070318100,100000003684369100,35813.000000000,2,0.000000000,0.000000000
100000004070318100,100000003741418100,5000.000000000,1,0.000000000,0.000000000
100000004070318100,100000003747133100,62964.000000000,3,11653.959769307,0.185089254
100000004070318100,100000004158362100,12000.000000000,1,0.000000000,0.000000000
100000004070318100,100000004400305100,19800.000000000,1,0.000000000,0.000000000
100000004070318100,100000004479404100,12000.000000000,2,4342.228112364,0.361852343
100000004070318100,100000004486525100,46877.000000000,5,0.000000000,0.000000000
100000004070318100,100000005665181100,9000.000000000,1,0.000000000,0.000000000
100000004070318100,100000005942793100,10000.000000000,1,0.000000000,0.000000000
100000004070318100,100000006866783100,85000.000000000,4,20030.243353496,0.235649922
100000004070318100,100000008094734100,9249.000000000,1,0.000000000,0.000000000
100000004070318100,100000008165763100,32300.000000000,2,3277.676185117,0.101476043
100000004070318100,100000008346837100,60059.000000000,4,21779.030151809,0.362627252
100000004070318100,100000008477350100,25000.000000000,1,0.000000000,0.000000000
100000004070318100,100000008603629100,23126.000000000,2,3641.862427908,0.157479133
100000004070318100,100000008637537100,6000.000000000,1,0.000000000,0.000000000
100000004071070100,100000004071080100,6000.000000000,1,1358.590879205,0.226431813
100000004071080100,100000003086040100,10500.000000000,1,725.597991324,0.069104571
100000004071080100,100000004071070100,36000.000000000,4,10050.044537436,0.279167904
100000004071444100,100000001299828100,100000.000000000,1,0.000000000,0.000000000
100000004076740100,100000003219438100,32000.000000000,1,11069.672131148,0.345927254
100000004076740100,100000004336312100,20000.000000000,1,12131.147540984,0.606557377
100000004076740100,100000004467157100,20000.000000000,3,5632.318501171,0.281615925
100000004076740100,100000005519998100,20000.000000000,1,12131.147540984,0.606557377
100000004076740100,100000005932987100,25000.000000000,3,3466.042154567,0.138641686
100000004076740100,100000007382543100,8000.000000000,1,4852.459016393,0.606557377
100000004077081100,100000001816678100,60000.000000000,1,0.000000000,0.000000000
100000004077081100,100000002398779100,195000.000000000,2,0.000000000,0.000000000
100000004077081100,100000003684369100,110000.000000000,2,0.000000000,0.000000000
100000004077081100,100000008165763100,250000.000000000,1,0.000000000,0.000000000
100000004094958100,100000004331458100,40000.000000000,1,39000.000000000,0.975000000
100000004097972100,100000003214786100,5000.000000000,1,0.000000000,0.000000000
100000004097972100,100000005209352100,5000.000000000,1,0.000000000,0.000000000
100000004135268100,100000002738256100,150200.000000000,1,0.000000000,0.000000000
100000004135268100,100000004979498100,700000.000000000,2,500000.000000000,0.714285714
100000004135268100,100000008571433100,150000.000000000,1,0.000000000,0.000000000
100000004140487100,100000000332284100,13800.000000000,2,0.000000000,0.000000000
100000004140487100,100000003249054100,32800.000000000,3,0.000000000,0.000000000
100000004140487100,100000003684369100,50000.000000000,2,0.000000000,0.000000000
100000004140487100,100000004400305100,30000.000000000,2,0.000000000,0.000000000
100000004140487100,100000004652395100,10000.000000000,1,0.000000000,0.000000000
100000004140487100,100000005589319100,26000.000000000,1,0.000000000,0.000000000
100000004140487100,100000006918814100,20000.000000000,2,0.000000000,0.000000000
100000004140487100,100000008165763100,42000.000000000,3,0.000000000,0.000000000
100000004140487100,100000008603629100,20000.000000000,1,0.000000000,0.000000000
100000004140487100,100000008730846100,18000.000000000,2,0.000000000,0.000000000
100000004150593100,100000001530983100,67544.000000000,1,0.000000000,0.000000000
100000004150593100,100000002737980100,32900.000000000,1,0.000000000,0.000000000
100000004150593100,100000002956898100,57240.000000000,1,0.000000000,0.000000000
100000004150593100,100000003896956100,10000.000000000,1,0.000000000,0.000000000
100000004150593100,100000003899899100,213500.000000000,4,0.000000000,0.000000000
100000004150593100,100000004394765100,119476.000000000,1,0.000000000,0.000000000
100000004150593100,100000004635886100,23000.000000000,1,0.000000000,0.000000000
100000004150593100,100000005022552100,241000.000000000,3,0.000000000,0.000000000
100000004150593100,100000008188026100,23110.000000000,1,0.000000000,0.000000000
100000004150593100,100000008258458100,19000.000000000,1,0.000000000,0.000000000
100000004150593100,100000008595687100,64395.000000000,1,0.000000000,0.000000000
100000004156082100,100000000076451100,42707.000000000,1,0.000000000,0.000000000
100000004156082100,100000000790311100,46300.000000000,1,1289.866054514,0.027858878
100000004156082100,100000000795129100,332000.000000000,1,14509.855338490,0.043704384
100000004156082100,100000001138376100,15300.000000000,1,668.677068310,0.043704384
100000004156082100,100000001184915100,201000.000000000,2,0.000000000,0.000000000
100000004156082100,100000001987030100,23668.000000000,1,659.363926096,0.027858878
100000004156082100,100000002028158100,34800.000000000,1,0.000000000,0.000000000
100000004156082100,100000002742067100,12730.000000000,1,0.000000000,0.000000000
100000004156082100,100000002956898100,233000.000000000,1,11204.808529260,0.048089307
100000004156082100,100000003159641100,15000.000000000,2,721.339604888,0.048089307
100000004156082100,100000003221384100,511200.000000000,1,0.000000000,0.000000000
100000004156082100,100000003927792100,13067.000000000,1,571.085179844,0.043704384
100000004156082100,100000004188160100,8600.000000000,1,0.000000000,0.000000000
100000004156082100,100000004394765100,32480.000000000,1,904.856359625,0.027858878
100000004156082100,100000004816564100,285480.000000000,1,13728.535360229,0.048089307
100000004156082100,100000004993576100,167000.000000000,1,7298.632052795,0.043704384
100000004156082100,100000005030592100,10000.000000000,1,0.000000000,0.000000000
100000004156082100,100000005287097100,16450.000000000,1,718.937109392,0.043704384
100000004156082100,100000005326681100,31228.000000000,1,869.977044284,0.027858878
100000004156082100,100000005339662100,25164.000000000,1,1210.119321160,0.048089307
100000004156082100,100000005481280100,32700.000000000,1,1572.520338656,0.048089307
100000004156082100,100000006518161100,50000.000000000,1,2185.219177484,0.043704384
100000004156082100,100000007281639100,69770.000000000,2,2323.530689166,0.033302719
100000004156082100,100000008289539100,14912.000000000,1,717.107745873,0.048089307
100000004156082100,100000008733049100,10000.000000000,1,0.000000000,0.000000000
100000004156082100,100000008737514100,85000.000000000,1,0.000000000,0.000000000
100000004159526100,100000002132479100,30000.000000000,2,7942.061527008,0.264735384
100000004159526100,100000004456564100,10000.000000000,2,3779.420400373,0.377942040
100000004159526100,100000005032294100,10000.000000000,1,0.000000000,0.000000000
100000004159526100,100000007953156100,18000.000000000,1,7147.855374307,0.397103076
100000004160650100,100000001330595100,45000.000000000,3,0.000000000,0.000000000
100000004160650100,100000002731501100,550370.000000000,5,1567.978807685,0.002848954
100000004160650100,100000002886166100,185000.000000000,3,286.851358302,0.001550548
100000004160650100,100000003338583100,21765.000000000,1,546.208755889,0.025095739
100000004160650100,100000003616818100,28000.000000000,1,702.680687567,0.025095739
100000004160650100,100000004005964100,47900.000000000,5,0.000000000,0.000000000
100000004160650100,100000004007116100,535744.000000000,19,1281.343011518,0.002391708
100000004160650100,100000004007197100,10048.000000000,1,0.000000000,0.000000000
100000004160650100,100000004064431100,26000.000000000,1,-0.000000000,0.000000000
100000004160650100,100000004144536100,40000.000000000,1,1003.829553667,0.025095739
100000004180097100,100000000723383100,6800.000000000,1,0.000000000,0.000000000
100000004180097100,100000002293421100,36000.000000000,5,35382.106193066,0.982836283
100000004180097100,100000004765639100,5000.000000000,1,4987.022088406,0.997404418
100000004183610100,100000003718715100,915000.000000000,3,20.511927829,0.000022417
100000004186824100,100000004707703100,7000.000000000,1,6955.659208253,0.993665601
100000004188160100,100000000733373100,10710.000000000,1,10710.000000000,1.000000000
100000004188160100,100000003016635100,18000.000000000,2,18000.000000000,1.000000000
100000004188160100,100000008174521100,82110.000000000,1,44552.000000000,0.542589210
100000004188160100,100000008346837100,6000.000000000,1,6000.000000000,1.000000000
100000004188160100,100000008762728100,17026.000000000,1,-0.000000000,0.000000000
100000004193835100,100000005382566100,5000.000000000,1,5000.000000000,1.000000000
100000004209339100,100000003635170100,232500.000000000,10,0.000000000,0.000000000
100000004209339100,100000007737775100,6000.000000000,1,0.000000000,0.000000000
100000004217419100,100000005367180100,7700.000000000,1,0.000000000,0.000000000
100000004221668100,100000002391278100,30000.000000000,5,0.000000000,0.000000000
100000004221668100,100000004321983100,10840.000000000,1,0.000000000,0.000000000
100000004221668100,100000005171642100,690600.000000000,4,0.000000000,0.000000000
100000004269433100,100000008418835100,1372000.000000000,67,1372000.000000000,1.000000000
100000004278574100,100000004232712100,12500.000000000,1,0.000000000,0.000000000
100000004285800100,100000004904960100,15000.000000000,1,0.000000000,0.000000000
100000004299488100,100000004674799100,140000.000000000,5,31236.362847361,0.223116877
100000004299488100,100000007055802100,204999.000000000,9,32265.390207793,0.157392915
100000004315838100,100000004806903100,18000.000000000,1,0.000000000,0.000000000
100000004321983100,100000005171642100,6200.000000000,1,0.000000000,0.000000000
100000004321983100,100000008727982100,30000.000000000,2,0.000000000,0.000000000
100000004325327100,100000002445750100,70000.000000000,1,47472.000000000,0.678171429
100000004330371100,100000003016635100,18981.000000000,1,6943.554513703,0.365816054
100000004330371100,100000006534886100,71700.000000000,5,54457.618983317,0.759520488
100000004336312100,100000004017410100,52650.000000000,2,7275.791655242,0.138191674
100000004336312100,100000005519998100,20000.000000000,1,2571.352249830,0.128567612
100000004340038100,100000003568904100,49000.000000000,1,0.000000000,0.000000000
100000004351795100,100000000437046100,542000.000000000,9,16.931367544,0.000031239
100000004351795100,100000001633685100,28000.000000000,1,0.000000000,0.000000000
100000004351795100,100000002217161100,52900.000000000,1,0.000000000,0.000000000
100000004351795100,100000002398779100,87100.000000000,5,0.000000000,0.000000000
100000004351795100,100000002703376100,46501.000000000,1,4095.080644320,0.088064357
100000004351795100,100000003242289100,49000.000000000,1,0.000000000,0.000000000
100000004351795100,100000003684369100,39800.000000000,1,0.000000000,0.000000000
100000004351795100,100000003971049100,55900.000000000,7,5.643789181,0.000100962
100000004351795100,100000004962193100,90000.000000000,1,62308.919355680,0.692321326
100000004351795100,100000007382152100,5860.000000000,1,0.000000000,0.000000000
100000004351795100,100000007797290100,100000.000000000,1,0.000000000,0.000000000
100000004351795100,100000008512552100,246100.000000000,4,0.000000000,0.000000000
100000004351795100,100000008603629100,77000.000000000,1,0.000000000,0.000000000
100000004351795100,100000008731444100,295000.000000000,3,84.656837718,0.000286972
100000004356593100,100000004185681100,10000.000000000,1,3021.410256410,0.302141026
100000004358004100,100000001477796100,182000.000000000,1,182000.000000000,1.000000000
100000004358004100,100000001696818100,53550.000000000,1,53550.000000000,1.000000000
100000004358004100,100000002479804100,46000.000000000,1,46000.000000000,1.000000000
100000004358004100,100000002662768100,84300.000000000,1,84300.000000000,1.000000000
100000004358004100,100000003684369100,233000.000000000,5,233000.000000000,1.000000000
100000004358004100,100000005527892100,70000.000000000,1,70000.000000000,1.000000000
100000004358004100,100000005612411100,65000.000000000,1,65000.000000000,1.000000000
100000004358004100,100000008094734100,47000.000000000,1,47000.000000000,1.000000000
100000004358004100,100000008165763100,148000.000000000,3,148000.000000000,1.000000000
100000004358004100,100000008172352100,43000.000000000,1,43000.000000000,1.000000000
100000004358004100,100000008244300100,9000.000000000,1,9000.000000000,1.000000000
100000004368189100,100000003084870100,6500.000000000,1,0.000000000,0.000000000
100000004368189100,100000004400480100,21700.000000000,1,0.000000000,0.000000000
100000004386258100,100000003917461100,10000.000000000,1,-0.000000000,0.000000000
100000004386258100,100000004386331100,20000.000000000,1,-0.000000000,0.000000000
100000004386258100,100000004591973100,10000.000000000,1,0.000000000,0.000000000
100000004386331100,100000004386258100,5000.000000000,1,0.000000000,0.000000000
100000004386331100,100000004386286100,12500.000000000,1,0.000000000,0.000000000
100000004388983100,100000005034574100,258816.000000000,16,258816.000000000,1.000000000
100000004388983100,100000007283257100,192000.000000000,7,192000.000000000,1.000000000
100000004390333100,100000000437046100,100000.000000000,2,0.000000000,0.000000000
100000004390333100,100000003249054100,10000.000000000,1,0.000000000,0.000000000
100000004390333100,100000003684369100,100000.000000000,2,0.000000000,0.000000000
100000004390333100,100000004962193100,50000.000000000,1,20795.909090909,0.415918182
100000004390333100,100000005142589100,50000.000000000,2,0.000000000,0.000000000
100000004390333100,100000005612411100,36500.000000000,2,0.000000000,0.000000000
100000004390333100,100000006866783100,60000.000000000,1,0.000000000,0.000000000
100000004390333100,100000008477350100,40000.000000000,1,0.000000000,0.000000000
100000004390333100,100000008603629100,60000.000000000,2,24955.090909091,0.415918182
100000004394765100,100000004193835100,47000.000000000,1,0.000000000,0.000000000
100000004394765100,100000008650785100,35500.000000000,1,27396.032084192,0.771719214
100000004398811100,100000002255058100,491500.000000000,2,0.000000000,0.000000000
100000004398811100,100000002939838100,138172.000000000,1,335.570469799,0.002428643
100000004398811100,100000002956779100,411000.000000000,1,9194.630872483,0.022371365
100000004400305100,100000000254336100,69588.000000000,1,0.000000000,0.000000000
100000004400305100,100000000656682100,71000.000000000,1,0.000000000,0.000000000
100000004400305100,100000000661912100,69868.000000000,1,0.000000000,0.000000000
100000004400305100,100000000749118100,10330.000000000,1,0.000000000,0.000000000
100000004400305100,100000001066017100,97000.000000000,1,0.000000000,0.000000000
100000004400305100,100000001126374100,140000.000000000,3,0.000000000,0.000000000
100000004400305100,100000001329153100,150687.000000000,1,0.000000000,0.000000000
100000004400305100,100000001530709100,53961.000000000,1,0.000000000,0.000000000
100000004400305100,100000001609499100,113520.000000000,1,0.000000000,0.000000000
100000004400305100,100000001934935100,118935.000000000,1,0.000000000,0.000000000
100000004400305100,100000002194329100,25170.000000000,1,0.000000000,0.000000000
100000004400305100,100000002435265100,132628.000000000,3,0.000000000,0.000000000
100000004400305100,100000002521039100,349370.000000000,1,0.000000000,0.000000000
100000004400305100,100000002597623100,16418.000000000,1,0.000000000,0.000000000
100000004400305100,100000002628576100,93297.000000000,1,0.000000000,0.000000000
100000004400305100,100000002645609100,373567.000000000,1,0.000000000,0.000000000
100000004400305100,100000002645993100,35650.000000000,3,0.000000000,0.000000000
100000004400305100,100000002723538100,15000.000000000,1,0.000000000,0.000000000
100000004400305100,100000002970466100,23317.000000000,1,0.000000000,0.000000000
100000004400305100,100000003004487100,9268.000000000,1,0.000000000,0.000000000
100000004400305100,100000003068941100,50000.000000000,1,0.000000000,0.000000000
100000004400305100,100000003093299100,15000.000000000,1,0.000000000,0.000000000
100000004400305100,100000003213473100,57500.000000000,2,0.000000000,0.000000000
100000004400305100,100000003218308100,11165.000000000,1,0.000000000,0.000000000
100000004400305100,100000003221510100,24000.000000000,1,0.000000000,0.000000000
100000004400305100,100000003235780100,50000.000000000,1,0.000000000,0.000000000
100000004400305100,100000003254277100,49200.000000000,1,0.000000000,0.000000000
100000004400305100,100000003528285100,33400.000000000,2,0.000000000,0.000000000
100000004400305100,100000003574895100,27968.000000000,1,0.000000000,0.000000000
100000004400305100,100000003581109100,42750.000000000,1,0.000000000,0.000000000
100000004400305100,100000003943247100,40000.000000000,1,0.000000000,0.000000000
100000004400305100,100000003951827100,9000.000000000,1,0.000000000,0.000000000
100000004400305100,100000004070318100,23000.000000000,1,0.000000000,0.000000000
100000004400305100,100000004071080100,20000.000000000,2,0.000000000,0.000000000
100000004400305100,100000004291560100,47190.000000000,1,0.000000000,0.000000000
100000004400305100,100000004325327100,23345.000000000,2,0.000000000,0.000000000
100000004400305100,100000004390333100,18807.000000000,1,0.000000000,0.000000000
100000004400305100,100000004611571100,22550.000000000,1,0.000000000,0.000000000
100000004400305100,100000004676985100,32260.000000000,1,0.000000000,0.000000000
100000004400305100,100000004679953100,139768.000000000,1,0.000000000,0.000000000
100000004400305100,100000004713684100,37500.000000000,1,0.000000000,0.000000000
100000004400305100,100000004737477100,19471.000000000,1,0.000000000,0.000000000
100000004400305100,100000004759121100,60000.000000000,1,0.000000000,0.000000000
100000004400305100,100000004779204100,30450.000000000,1,0.000000000,0.000000000
100000004400305100,100000004847758100,47067.000000000,1,0.000000000,0.000000000
100000004400305100,100000004889043100,172000.000000000,3,0.000000000,0.000000000
100000004400305100,100000005048668100,10168.000000000,1,0.000000000,0.000000000
100000004400305100,100000005052998100,9500.000000000,1,0.000000000,0.000000000
100000004400305100,100000005186131100,10000.000000000,1,0.000000000,0.000000000
100000004400305100,100000005357034100,9754.000000000,1,0.000000000,0.000000000
100000004400305100,100000005375968100,170082.000000000,1,0.000000000,0.000000000
100000004400305100,100000005610717100,13700.000000000,1,0.000000000,0.000000000
100000004400305100,100000005830339100,117435.000000000,2,0.000000000,0.000000000
100000004400305100,100000005910114100,93168.000000000,1,0.000000000,0.000000000
100000004400305100,100000006111439100,9306.000000000,1,0.000000000,0.000000000
100000004400305100,100000006165886100,104067.000000000,1,0.000000000,0.000000000
100000004400305100,100000006225798100,42000.000000000,1,0.000000000,0.000000000
100000004400305100,100000006492770100,269000.000000000,1,0.000000000,0.000000000
100000004400305100,100000006734214100,165000.000000000,3,0.000000000,0.000000000
100000004400305100,100000006788200100,46970.000000000,1,0.000000000,0.000000000
100000004400305100,100000006919124100,25000.000000000,1,0.000000000,0.000000000
100000004400305100,100000007055802100,115000.000000000,2,0.000000000,0.000000000
100000004400305100,100000007138613100,450000.000000000,1,0.000000000,0.000000000
100000004400305100,100000007181706100,12500.000000000,1,0.000000000,0.000000000
100000004400305100,100000007392365100,9613.000000000,1,0.000000000,0.000000000
100000004400305100,100000007442518100,195000.000000000,1,0.000000000,0.000000000
100000004400305100,100000007484343100,16700.000000000,1,0.000000000,0.000000000
100000004400305100,100000007593823100,10000.000000000,1,0.000000000,0.000000000
100000004400305100,100000007594394100,130000.000000000,1,0.000000000,0.000000000
100000004400305100,100000008223756100,15512.000000000,1,0.000000000,0.000000000
100000004400305100,100000008304139100,46101.000000000,1,0.000000000,0.000000000
100000004400305100,100000008422226100,87450.000000000,1,0.000000000,0.000000000
100000004400305100,100000008432942100,44542.000000000,2,0.000000000,0.000000000
100000004400305100,100000008491390100,36000.000000000,1,0.000000000,0.000000000
100000004400305100,100000008560717100,50000.000000000,1,0.000000000,0.000000000
100000004400305100,100000008587459100,132507.000000000,1,0.000000000,0.000000000
100000004400305100,100000008619857100,29000.000000000,1,0.000000000,0.000000000
100000004400305100,100000008652094100,35000.000000000,1,0.000000000,0.000000000
100000004400305100,100000008665380100,59100.000000000,1,0.000000000,0.000000000
100000004400305100,100000008669310100,59567.000000000,2,0.000000000,0.000000000
100000004400305100,100000008686313100,82417.000000000,2,0.000000000,0.000000000
100000004400305100,100000008748795100,47057.000000000,1,0.000000000,0.000000000
100000004403675100,100000000331309100,59435.000000000,1,47187.000000000,0.793926138
100000004403675100,100000001386612100,62264.000000000,1,0.000000000,0.000000000
100000004403675100,100000003823811100,30000.000000000,1,5826.147540984,0.194204918
100000004403675100,100000003988112100,92000.000000000,2,17866.852459016,0.194204918
100000004403675100,100000005668605100,21000.000000000,1,3151.416169896,0.150067437
100000004407753100,100000007382543100,100000.000000000,1,0.000000000,0.000000000
100000004420041100,100000001899164100,190525.000000000,1,0.000000000,0.000000000
100000004420041100,100000002679516100,36500.000000000,1,0.000000000,0.000000000
100000004420041100,100000002999140100,10000.000000000,2,0.000000000,0.000000000
100000004420041100,100000004798515100,200000.000000000,2,0.000000000,0.000000000
100000004420041100,100000004800648100,131000.000000000,1,0.000000000,0.000000000
100000004420041100,100000005904580100,53000.000000000,1,0.000000000,0.000000000
100000004420041100,100000006288612100,30805.000000000,3,0.000000000,0.000000000
100000004424023100,100000008332511100,100000.000000000,1,0.000000000,0.000000000
100000004450649100,100000003684369100,41300.000000000,1,0.000000000,0.000000000
100000004450649100,100000005025629100,5227.000000000,1,0.000000000,0.000000000
100000004451012100,100000004049912100,10000.000000000,1,0.000000000,0.000000000
100000004451012100,100000004502048100,13888.000000000,1,0.000000000,0.000000000
100000004451012100,100000007867364100,41852.000000000,1,0.000000000,0.000000000
100000004467157100,100000004076740100,7000.000000000,1,3032.786885246,0.433255269
100000004475818100,100000000332284100,23726.000000000,1,0.000000000,0.000000000
100000004475818100,100000005665181100,18498.000000000,1,0.000000000,0.000000000
100000004475818100,100000008172352100,11765.000000000,1,0.000000000,0.000000000
100000004479404100,100000004717647100,300000.000000000,2,873.102167365,0.002910341
100000004480280100,100000003254723100,269850.000000000,6,120694.000000000,0.447263294
100000004480280100,100000005493505100,26000.000000000,1,26000.000000000,1.000000000
100000004486525100,100000002398779100,254955.000000000,2,13234.467888897,0.051909034
100000004486525100,100000004962193100,16090.000000000,1,0.000000000,0.000000000
100000004500444100,100000004500781100,74000.000000000,5,107.147689170,0.001447942
100000004508696100,100000002217806100,55000.000000000,2,0.000000000,0.000000000
100000004508696100,100000004549591100,49000.000000000,1,0.000000000,0.000000000
100000004508696100,100000005911352100,7000.000000000,1,0.000000000,0.000000000
100000004527381100,100000004156082100,273866.110000000,1,29154.430900066,0.106455052
100000004544958100,100000004677680100,18000.000000000,1,15000.000000000,0.833333333
100000004544958100,100000006476758100,5200.000000000,1,1529.411764706,0.294117647
100000004552204100,100000003646145100,5000.000000000,1,0.000000000,0.000000000
100000004552204100,100000007322059100,5000.000000000,1,2738.853503185,0.547770701
100000004569484100,100000005578559100,51000.000000000,1,0.000000000,0.000000000
100000004569484100,100000005704413100,41000.000000000,1,0.000000000,0.000000000
100000004569484100,100000005933757100,39000.000000000,1,0.000000000,0.000000000
100000004569484100,100000008346837100,25000.000000000,1,0.000000000,0.000000000
100000004580202100,100000004564736100,15000.000000000,2,1604.136314933,0.106942421
100000004580202100,100000004991812100,10000.000000000,1,458.324661410,0.045832466
100000004580202100,100000008474391100,20000.000000000,1,0.000000000,0.000000000
100000004591973100,100000007745062100,100000.000000000,1,0.000000000,0.000000000
100000004603109100,100000002224132100,300000.000000000,1,492.486214749,0.001641621
100000004603109100,100000004892144100,100000.000000000,1,157.704754547,0.001577048
100000004613582100,100000001601320100,9500.000000000,1,0.000000000,0.000000000
100000004622227100,100000000332284100,6000.000000000,1,6000.000000000,1.000000000
100000004622227100,100000004486525100,6000.000000000,1,6000.000000000,1.000000000
100000004622227100,100000008011159100,7000.000000000,1,7000.000000000,1.000000000
100000004629688100,100000000076451100,15000.000000000,2,0.000000000,0.000000000
100000004644615100,100000003194831100,6265.000000000,1,0.000000000,0.000000000
100000004644615100,100000003989033100,373400.000000000,13,0.000000000,0.000000000
100000004659919100,100000002700161100,39000.000000000,1,0.000000000,0.000000000
100000004662806100,100000001083990100,49900.000000000,2,49900.000000000,1.000000000
100000004662806100,100000003943483100,10000.000000000,1,0.000000000,0.000000000
100000004670388100,100000000291906100,380000.000000000,2,0.000000000,0.000000000
100000004670388100,100000004722630100,340000.000000000,2,0.000000000,0.000000000
100000004676985100,100000004241142100,27102.000000000,1,0.000000000,0.000000000
100000004677680100,100000004544958100,168000.000000000,3,60000.000000000,0.357142857
100000004679953100,100000005782781100,16000.000000000,1,1863.106846986,0.116444178
100000004679953100,100000008461532100,5300.000000000,1,617.154143064,0.116444178
100000004679953100,100000008730846100,12800.000000000,1,1490.485477589,0.116444178
100000004689658100,100000005010159100,7092.000000000,1,0.000000000,0.000000000
100000004692798100,100000000831684100,15000.000000000,2,14615.985253834,0.974399017
100000004697956100,100000003509750100,10000.000000000,1,0.000000000,0.000000000
100000004698193100,100000001860090100,5000.000000000,1,380.908750760,0.076181750
100000004698193100,100000001893287100,18000.000000000,3,0.000000000,0.000000000
100000004698193100,100000008547295100,15000.000000000,1,1142.726252281,0.076181750
100000004707703100,100000002335358100,140000.000000000,2,97000.000000000,0.692857143
100000004707703100,100000003975102100,25650.000000000,1,25650.000000000,1.000000000
100000004707703100,100000004687282100,20000.000000000,1,20000.000000000,1.000000000
100000004707703100,100000005519347100,23000.000000000,1,-0.000000000,0.000000000
100000004707703100,100000008213966100,23000.000000000,1,23000.000000000,1.000000000
100000004714705100,100000008738325100,36550.000000000,1,36550.000000000,1.000000000
100000004715209100,100000001498732100,5500.000000000,1,0.000000000,0.000000000
100000004715209100,100000003133045100,68000.000000000,1,0.000000000,0.000000000
100000004715209100,100000004747154100,67000.000000000,1,0.000000000,0.000000000
100000004715209100,100000008190411100,198450.000000000,12,0.000000000,0.000000000
100000004715209100,100000008603331100,11500.000000000,2,0.000000000,0.000000000
100000004717647100,100000001533161100,100000.000000000,1,0.000000000,0.000000000
100000004717647100,100000002659103100,165000.000000000,1,0.000000000,0.000000000
100000004717647100,100000002922000100,448000.000000000,1,0.000000000,0.000000000
100000004717647100,100000004479404100,1480000.000000000,6,0.000000000,0.000000000
100000004717647100,100000004584730100,47000.000000000,1,136.786006221,0.002910341
100000004722765100,100000004272302100,10000.000000000,1,548.443786943,0.054844379
100000004722765100,100000005075949100,2226000.000000000,7,12065.763312744,0.005420379
100000004722765100,100000006527156100,48500.000000000,1,0.000000000,0.000000000
100000004723755100,100000008748914100,95000.000000000,5,95000.000000000,1.000000000
100000004726132100,100000000634341100,24000.000000000,2,0.000000000,0.000000000
100000004737477100,100000003831201100,40500.000000000,3,12452.185571999,0.307461372
100000004739664100,100000000979567100,10000.000000000,1,0.000000000,0.000000000
100000004744306100,100000008406609100,34000.000000000,1,30000.000000000,0.882352941
100000004744306100,100000008516839100,58000.000000000,2,39000.000000000,0.672413793
100000004746397100,100000002957787100,7500.000000000,1,0.000000000,0.000000000
100000004759121100,100000005105153100,30000.000000000,1,0.000000000,0.000000000
100000004759121100,100000006844768100,282000.000000000,5,0.000000000,0.000000000
100000004765639100,100000002293421100,5000.000000000,1,0.000000000,0.000000000
100000004765639100,100000004180097100,6000.000000000,1,0.000000000,0.000000000
100000004770073100,100000005293969100,5466.970000000,1,0.000000000,0.000000000
100000004779204100,100000006512787100,20000.000000000,2,0.000000000,0.000000000
100000004784224100,100000005474472100,100000.000000000,1,23500.000000000,0.235000000
100000004813068100,100000003835149100,248500.000000000,1,248500.000000000,1.000000000
100000004813068100,100000004784224100,23500.000000000,2,23500.000000000,1.000000000
100000004813068100,100000008383405100,25000.000000000,2,25000.000000000,1.000000000
100000004816564100,100000005186109100,5000.000000000,1,240.446534963,0.048089307
100000004820260100,100000005175148100,74000.000000000,3,8566.446402349,0.115762789
100000004820260100,100000005339662100,135850.000000000,6,2799.406453513,0.020606599
100000004820260100,100000005996909100,5500.000000000,1,99.806753289,0.018146682
100000004847758100,100000000910216100,71000.000000000,3,1595.242800501,0.022468208
100000004847758100,100000002398779100,15000.000000000,1,4277.285015644,0.285152334
100000004847758100,100000002613776100,30000.000000000,2,4347.902152568,0.144930072
100000004847758100,100000003044431100,30000.000000000,1,8554.570031287,0.285152334
100000004847758100,100000003249054100,15000.000000000,1,0.000000000,0.000000000
100000004847758100,100000003684369100,56000.000000000,3,31.484682022,0.000562226
100000004847758100,100000003724440100,25000.000000000,1,0.000000000,0.000000000
100000004847758100,100000004071080100,50600.000000000,2,28.187777670,0.000557071
100000004847758100,100000004410489100,54000.000000000,1,0.000000000,0.000000000
100000004847758100,100000005053653100,29200.000000000,1,0.000000000,0.000000000
100000004847758100,100000005612411100,14000.000000000,1,0.000000000,0.000000000
100000004847758100,100000008106997100,15000.000000000,1,0.000000000,0.000000000
100000004847758100,100000008165763100,28000.000000000,2,0.000000000,0.000000000
100000004847758100,100000008546855100,14000.000000000,1,0.000000000,0.000000000
100000004847758100,100000008603629100,42000.000000000,2,9.851284542,0.000234554
100000004877085100,100000003146511100,10000.000000000,1,0.000000000,0.000000000
100000004877085100,100000003232675100,44000.000000000,2,0.000000000,0.000000000
100000004877085100,100000006490615100,41600.000000000,6,0.000000000,0.000000000
100000004892144100,100000002224132100,180300.000000000,1,242.702717286,0.001346105
100000004906181100,100000000542087100,8506.910000000,1,0.000000000,0.000000000
100000004906181100,100000000557536100,153000.000000000,7,0.000000000,0.000000000
100000004906181100,100000000673915100,20200.000000000,1,0.000000000,0.000000000
100000004906181100,100000004911971100,35000.000000000,3,0.000000000,0.000000000
100000004906181100,100000008175078100,1846711.000000000,15,0.000000000,0.000000000
100000004906181100,100000008349740100,70000.000000000,2,0.000000000,0.000000000
100000004906181100,100000008675322100,340000.000000000,4,0.000000000,0.000000000
100000004921657100,100000004539443100,22190.000000000,1,0.000000000,0.000000000
100000004931931100,100000003061115100,45000.000000000,1,0.000000000,0.000000000
100000004971871100,100000003148220100,5650.000000000,1,5650.000000000,1.000000000
100000004975919100,100000000299820100,10000.000000000,1,0.000000000,0.000000000
100000004975919100,100000004403548100,5000.000000000,1,0.000000000,0.000000000
100000004979498100,100000008571433100,200000.000000000,1,0.000000000,0.000000000
100000004997515100,100000003904497100,10000.000000000,1,0.000000000,0.000000000
100000004997515100,100000005226217100,17500.000000000,1,0.000000000,0.000000000
100000004997515100,100000005782886100,14000.000000000,1,0.000000000,0.000000000
100000004997515100,100000007997939100,13000.000000000,1,0.000000000,0.000000000
100000005022552100,100000003899899100,5000.000000000,1,0.000000000,0.000000000
100000005031696100,100000001223977100,5000.000000000,1,0.000000000,0.000000000
100000005031696100,100000004659919100,110000.000000000,2,0.000000000,0.000000000
100000005037490100,100000001065481100,16000.000000000,2,0.000000000,0.000000000
100000005037490100,100000008733194100,14000.000000000,1,0.000000000,0.000000000
100000005041905100,100000002578405100,1080351.000000000,5,0.000000000,0.000000000
100000005048668100,100000000332284100,13400.000000000,2,0.000000000,0.000000000
100000005048668100,100000003230328100,10000.000000000,1,0.000000000,0.000000000
100000005048668100,100000003249054100,7000.000000000,1,0.000000000,0.000000000
100000005048668100,100000004991593100,45000.000000000,2,0.000000000,0.000000000
100000005048668100,100000006735545100,5000.000000000,1,0.000000000,0.000000000
100000005048668100,100000008346837100,7000.000000000,1,67.154036193,0.009593434
100000005048668100,100000008603629100,65000.000000000,2,287.803012256,0.004427739
100000005048668100,100000008730846100,7000.000000000,1,-0.000000000,0.000000000
100000005052998100,100000008477350100,28400.000000000,1,0.000000000,0.000000000
100000005053653100,100000000560751100,25000.000000000,1,0.000000000,0.000000000
100000005074393100,100000000943371100,15500.000000000,1,619.204887305,0.039948702
100000005074393100,100000001232297100,5000.000000000,1,199.743512034,0.039948702
100000005074393100,100000005882013100,120000.000000000,2,44453.490213489,0.370445752
100000005074393100,100000006424479100,500000.000000000,2,37044.575177908,0.074089150
100000005074393100,100000006684930100,10000.000000000,1,3704.457517791,0.370445752
100000005074393100,100000008205937100,35000.000000000,3,7808.402059649,0.223097202
100000005077484100,100000001380054100,7050.000000000,1,0.000000000,0.000000000
100000005077484100,100000005055454100,6500.000000000,1,0.000000000,0.000000000
100000005079754100,100000005022964100,20000.000000000,1,20000.000000000,1.000000000
100000005079754100,100000005539910100,102000.000000000,1,0.000000000,0.000000000
100000005124479100,100000004285800100,5000.000000000,1,0.000000000,0.000000000
100000005124479100,100000004904960100,17000.000000000,1,0.000000000,0.000000000
100000005140601100,100000000011452100,15000.000000000,3,-0.000000000,0.000000000
100000005140601100,100000001600934100,180300.000000000,2,8685.000000000,0.048169717
100000005142492100,100000002870463100,57000.000000000,1,0.000000000,0.000000000
100000005168487100,100000002941114100,103510.000000000,14,5102.040816327,0.049290318
100000005171642100,100000004221668100,683600.000000000,4,0.000000000,0.000000000
100000005175148100,100000005339662100,15000.000000000,1,2569.933920705,0.171328928
100000005186131100,100000006171671100,10000.000000000,1,0.000000000,0.000000000
100000005198906100,100000004326224100,60000.000000000,1,0.000000000,0.000000000
100000005222360100,100000005933757100,27000.000000000,1,4175.216917951,0.154637664
100000005233755100,100000008649416100,5000.000000000,1,0.000000000,0.000000000
100000005242320100,100000001056414100,250000.000000000,1,4443.447037702,0.017773788
100000005242320100,100000001282143100,600000.000000000,2,0.000000000,0.000000000
100000005242320100,100000001584286100,638700.000000000,2,0.000000000,0.000000000
100000005242320100,100000002109656100,500000.000000000,1,0.000000000,0.000000000
100000005242320100,100000002509598100,305550.000000000,1,0.000000000,0.000000000
100000005242320100,100000002644285100,500000.000000000,1,0.000000000,0.000000000
100000005242320100,100000002670860100,250000.000000000,1,0.000000000,0.000000000
100000005242320100,100000002670960100,480310.000000000,1,0.000000000,0.000000000
100000005242320100,100000002722108100,800000.000000000,2,0.000000000,0.000000000
100000005242320100,100000002748761100,796800.000000000,3,0.000000000,0.000000000
100000005242320100,100000002753146100,803540.000000000,3,0.000000000,0.000000000
100000005242320100,100000002821425100,275000.000000000,1,0.000000000,0.000000000
100000005242320100,100000002822472100,207315.000000000,1,0.000000000,0.000000000
100000005242320100,100000002883402100,140000.000000000,1,0.000000000,0.000000000
100000005242320100,100000002958345100,307000.000000000,1,5456.552962298,0.017773788
100000005242320100,100000002989353100,500000.000000000,2,0.000000000,0.000000000
100000005242320100,100000003112578100,101080.000000000,1,0.000000000,0.000000000
100000005242320100,100000004368189100,384600.000000000,1,0.000000000,0.000000000
100000005242320100,100000008200810100,475000.000000000,1,0.000000000,0.000000000
100000005242320100,100000008306857100,125000.000000000,1,0.000000000,0.000000000
100000005242320100,100000008388049100,496400.000000000,1,0.000000000,0.000000000
100000005264874100,100000004066370100,65000.000000000,2,0.000000000,0.000000000
100000005264874100,100000005507142100,13000.000000000,1,0.000000000,0.000000000
100000005264990100,100000004744306100,69000.000000000,1,69000.000000000,1.000000000
100000005264990100,100000005382566100,53000.000000000,1,53000.000000000,1.000000000
100000005265073100,100000002258492100,9000.000000000,1,0.000000000,0.000000000
100000005268319100,100000002957787100,24000.000000000,3,0.000000000,0.000000000
100000005268319100,100000003741418100,37000.000000000,3,0.000000000,0.000000000
100000005268319100,100000004850609100,10000.000000000,1,0.000000000,0.000000000
100000005268319100,100000005370558100,5000.000000000,1,0.000000000,0.000000000
100000005268319100,100000008244300100,15000.000000000,2,0.000000000,0.000000000
100000005287097100,100000000343175100,58800.000000000,6,29057.701492537,0.494178597
100000005287097100,100000000490383100,6000.000000000,1,6000.000000000,1.000000000
100000005287097100,100000000607941100,30000.000000000,2,0.000000000,0.000000000
100000005287097100,100000003016635100,392500.000000000,25,55165.298507463,0.140548531
100000005287097100,100000004150593100,57000.000000000,2,0.000000000,0.000000000
100000005287097100,100000004156082100,50500.000000000,2,0.000000000,0.000000000
100000005287097100,100000005572303100,75000.000000000,1,0.000000000,0.000000000
100000005287097100,100000005939154100,22000.000000000,2,15000.000000000,0.681818182
100000005287097100,100000008144528100,5500.000000000,1,5500.000000000,1.000000000
100000005308954100,100000004596284100,30000.000000000,1,0.000000000,0.000000000
100000005316708100,100000001616816100,30000.000000000,1,0.000000000,0.000000000
100000005316708100,100000005514161100,227500.000000000,3,0.000000000,0.000000000
100000005317181100,100000005495211100,14500.000000000,1,0.000000000,0.000000000
100000005339662100,100000000343175100,28100.000000000,1,0.000000000,0.000000000
100000005339662100,100000004820260100,234200.000000000,12,13086.223106121,0.055876273
100000005339662100,100000005175148100,5000.000000000,1,184.552517098,0.036910503
100000005339662100,100000008144528100,27860.000000000,1,18358.553597651,0.658957416
100000005342513100,100000002733905100,30000.000000000,1,0.000000000,0.000000000
100000005357705100,100000003097947100,52980.000000000,1,0.000000000,0.000000000
100000005357705100,100000005979037100,60300.000000000,1,0.000000000,0.000000000
100000005357705100,100000008172721100,168335.000000000,1,0.000000000,0.000000000
100000005357705100,100000008337304100,105465.000000000,2,-0.000000000,0.000000000
100000005363908100,100000005546031100,19500.000000000,1,19500.000000000,1.000000000
100000005367284100,100000001270470100,28300.000000000,2,0.000000000,0.000000000
100000005367284100,100000007988344100,20000.000000000,3,0.000000000,0.000000000
100000005367445100,100000005413948100,5000.000000000,1,0.000000000,0.000000000
100000005375968100,100000006706519100,36000.000000000,3,0.000000000,0.000000000
100000005375968100,100000008308418100,50000.000000000,1,0.000000000,0.000000000
100000005382566100,100000004041163100,50000.000000000,1,50000.000000000,1.000000000
100000005386383100,100000005382566100,29000.000000000,1,29000.000000000,1.000000000
100000005392290100,100000003865939100,81465.000000000,1,81465.000000000,1.000000000
100000005394708100,100000008516839100,65000.000000000,1,26000.000000000,0.400000000
100000005402643100,100000003132484100,90000.000000000,1,0.000000000,0.000000000
100000005413948100,100000005367445100,5000.000000000,1,0.000000000,0.000000000
100000005417257100,100000005394708100,26000.000000000,1,26000.000000000,1.000000000
100000005417257100,100000008673001100,80000.000000000,1,80000.000000000,1.000000000
100000005456919100,100000008659445100,5000.000000000,1,2749.765600583,0.549953120
100000005473151100,100000001490461100,20000.000000000,1,0.000000000,0.000000000
100000005473151100,100000005561741100,25000.000000000,1,0.000000000,0.000000000
100000005473151100,100000008335401100,150000.000000000,3,0.000000000,0.000000000
100000005473151100,100000008545727100,30000.000000000,1,0.000000000,0.000000000
100000005475379100,100000004571634100,20000.000000000,1,0.000000000,0.000000000
100000005475379100,100000004674389100,15000.000000000,1,0.000000000,0.000000000
100000005475379100,100000004674412100,46000.000000000,1,667.390543095,0.014508490
100000005481280100,100000002727288100,16000.000000000,1,0.000000000,0.000000000
100000005481280100,100000005386383100,17000.000000000,1,0.000000000,0.000000000
100000005481280100,100000005395727100,17000.000000000,1,817.518218873,0.048089307
100000005485830100,100000002462183100,107500.000000000,3,107500.000000000,1.000000000
100000005485830100,100000005056870100,20000.000000000,1,20000.000000000,1.000000000
100000005485830100,100000005807278100,8385.000000000,1,8385.000000000,1.000000000
100000005485830100,100000005895525100,120000.000000000,3,120000.000000000,1.000000000
100000005485830100,100000007175718100,20000.000000000,1,20000.000000000,1.000000000
100000005498992100,100000001074553100,15000.000000000,1,15000.000000000,1.000000000
100000005498992100,100000001162560100,331300.000000000,2,331300.000000000,1.000000000
100000005498992100,100000001929088100,186010.000000000,1,186010.000000000,1.000000000
100000005498992100,100000002324543100,30202.000000000,1,30202.000000000,1.000000000
100000005498992100,100000002615479100,220000.000000000,1,220000.000000000,1.000000000
100000005498992100,100000002750332100,11360.000000000,1,11360.000000000,1.000000000
100000005498992100,100000002784085100,200000.000000000,1,200000.000000000,1.000000000
100000005498992100,100000002838861100,289500.000000000,1,289500.000000000,1.000000000
100000005498992100,100000002844897100,10800.000000000,1,10800.000000000,1.000000000
100000005498992100,100000002958286100,257000.000000000,1,257000.000000000,1.000000000
100000005498992100,100000002981527100,168000.000000000,1,168000.000000000,1.000000000
100000005498992100,100000003071930100,227610.000000000,2,227610.000000000,1.000000000
100000005498992100,100000004403675100,23693.000000000,1,23693.000000000,1.000000000
100000005498992100,100000006443391100,25173.000000000,1,25173.000000000,1.000000000
100000005498992100,100000006707582100,22000.000000000,1,22000.000000000,1.000000000
100000005498992100,100000006972210100,245220.000000000,2,245220.000000000,1.000000000
100000005505655100,100000001526235100,20000.000000000,1,7904.445116420,0.395222256
100000005507142100,100000001825934100,40000.000000000,1,3833.333333333,0.095833333
100000005507142100,100000002612809100,30000.000000000,2,0.000000000,0.000000000
100000005507142100,100000005264874100,30000.000000000,1,19166.666666667,0.638888889
100000005514161100,100000004424023100,50000.000000000,1,0.000000000,0.000000000
100000005519347100,100000004019124100,99000.000000000,1,99000.000000000,1.000000000
100000005519998100,100000003934614100,7000.000000000,1,0.000000000,0.000000000
100000005519998100,100000004017410100,141000.000000000,4,10432.786885246,0.073991396
100000005519998100,100000004076740100,40000.000000000,3,0.000000000,0.000000000
100000005527892100,100000000724540100,50000.000000000,1,-0.000000000,0.000000000
100000005527892100,100000004134060100,88179.000000000,1,0.000000000,0.000000000
100000005527892100,100000008512827100,54510.000000000,1,0.000000000,0.000000000
100000005527892100,100000008624978100,109000.000000000,1,0.000000000,0.000000000
100000005527892100,100000008710791100,54510.000000000,1,29169.788242489,0.535127284
100000005527892100,100000008743913100,76300.000000000,1,40830.211757511,0.535127284
100000005527892100,100000008752616100,54510.000000000,1,-0.000000000,0.000000000
100000005527892100,100000008758168100,65410.000000000,1,0.000000000,0.000000000
100000005530114100,100000004114962100,25000.000000000,1,0.000000000,0.000000000
100000005539201100,100000008531133100,25000.000000000,1,0.000000000,0.000000000
100000005539910100,100000001145749100,10000.000000000,1,0.000000000,0.000000000
100000005539910100,100000008314863100,12000.000000000,1,0.000000000,0.000000000
100000005543136100,100000005493505100,10000.000000000,1,10000.000000000,1.000000000
100000005546031100,100000005547096100,8000.000000000,1,4842.615012107,0.605326877
100000005547096100,100000004331458100,210000.000000000,1,0.000000000,0.000000000
100000005547096100,100000005546031100,16300.000000000,2,0.000000000,0.000000000
100000005572303100,100000005815602100,20000.000000000,1,0.000000000,0.000000000
100000005578559100,100000000955529100,27000.000000000,1,0.000000000,0.000000000
100000005578559100,100000001280798100,23785.000000000,1,0.000000000,0.000000000
100000005578559100,100000001298099100,19000.000000000,1,0.000000000,0.000000000
100000005578559100,100000001484381100,23785.000000000,1,0.000000000,0.000000000
100000005578559100,100000001818442100,42215.000000000,1,0.000000000,0.000000000
100000005578559100,100000001927599100,58000.000000000,1,0.000000000,0.000000000
100000005578559100,100000002554175100,24621.000000000,1,0.000000000,0.000000000
100000005578559100,100000002809896100,38000.000000000,1,0.000000000,0.000000000
100000005578559100,100000002838861100,83000.000000000,1,0.000000000,0.000000000
100000005578559100,100000002893020100,18340.000000000,1,0.000000000,0.000000000
100000005578559100,100000002926970100,85000.000000000,1,0.000000000,0.000000000
100000005578559100,100000002983426100,88945.000000000,1,0.000000000,0.000000000
100000005578559100,100000003009900100,15998.000000000,1,0.000000000,0.000000000
100000005578559100,100000003095610100,23665.000000000,1,0.000000000,0.000000000
100000005578559100,100000003241965100,15000.000000000,1,0.000000000,0.000000000
100000005578559100,100000004979283100,40132.000000000,1,0.000000000,0.000000000
100000005578559100,100000005362848100,29000.000000000,1,0.000000000,0.000000000
100000005578559100,100000005704413100,36834.670000000,2,0.000000000,0.000000000
100000005578559100,100000007998965100,72000.000000000,2,0.000000000,0.000000000
100000005578559100,100000008379273100,16000.000000000,1,0.000000000,0.000000000
100000005578559100,100000008583360100,112843.000000000,1,0.000000000,0.000000000
100000005584222100,100000000533217100,53587.000000000,1,0.000000000,0.000000000
100000005584222100,100000001382002100,55000.000000000,2,39162.509882843,0.712045634
100000005602999100,100000003635170100,11000.000000000,2,1298.701298701,0.118063754
100000005602999100,100000008501413100,5000.000000000,1,1082.251082251,0.216450216
100000005610717100,100000008469048100,265200.000000000,7,0.000000000,0.000000000
100000005612411100,100000001102676100,50000.000000000,1,0.000000000,0.000000000
100000005612411100,100000001737722100,60460.000000000,1,0.000000000,0.000000000
100000005612411100,100000002457464100,66647.000000000,1,65000.000000000,0.975287710
100000005612411100,100000002964966100,200000.000000000,1,0.000000000,0.000000000
100000005612411100,100000004192107100,25000.000000000,1,0.000000000,0.000000000
100000005612411100,100000008629581100,54184.000000000,1,0.000000000,0.000000000
100000005612411100,100000008672603100,21200.000000000,1,0.000000000,0.000000000
100000005612411100,100000008717375100,29506.000000000,1,0.000000000,0.000000000
100000005619339100,100000008144528100,5442.600000000,1,0.000000000,0.000000000
100000005634552100,100000002398779100,247000.000000000,2,0.000000000,0.000000000
100000005634552100,100000002603769100,759000.000000000,1,0.000000000,0.000000000
100000005634552100,100000003278020100,190000.000000000,1,0.000000000,0.000000000
100000005660203100,100000006518161100,23000.000000000,4,10626.121921704,0.462005301
100000005660203100,100000006882208100,18000.000000000,1,9441.019357355,0.524501075
100000005661829100,100000003230328100,6572.000000000,1,0.000000000,0.000000000
100000005661829100,100000008546855100,33790.000000000,3,0.000000000,0.000000000
100000005664922100,100000002224132100,510000.000000000,1,0.000000000,0.000000000
100000005664922100,100000008042075100,5000.000000000,1,0.000000000,0.000000000
100000005664922100,100000008686247100,22000.000000000,2,0.000000000,0.000000000
100000005665181100,100000001126374100,6500.000000000,1,0.000000000,0.000000000
100000005665181100,100000003068941100,14000.000000000,1,0.000000000,0.000000000
100000005665181100,100000004475818100,13000.000000000,1,0.000000000,0.000000000
100000005665181100,100000004553349100,7755.000000000,1,0.000000000,0.000000000
100000005665181100,100000004580254100,13070.000000000,1,0.000000000,0.000000000
100000005665181100,100000004750321100,5490.000000000,1,0.000000000,0.000000000
100000005665181100,100000005187208100,14160.000000000,1,0.000000000,0.000000000
100000005665181100,100000005409156100,70920.000000000,1,0.000000000,0.000000000
100000005665181100,100000006522972100,9515.000000000,1,0.000000000,0.000000000
100000005665181100,100000007005380100,9400.000000000,1,0.000000000,0.000000000
100000005665181100,100000008720856100,18105.000000000,1,0.000000000,0.000000000
100000005704413100,100000001249054100,17375.000000000,1,0.000000000,0.000000000
100000005704413100,100000001253557100,27200.000000000,1,0.000000000,0.000000000
100000005704413100,100000001276409100,94760.000000000,1,0.000000000,0.000000000
100000005704413100,100000001484381100,71800.000000000,3,0.000000000,0.000000000
100000005704413100,100000002188586100,38310.000000000,1,0.000000000,0.000000000
100000005704413100,100000002506987100,28200.000000000,1,0.000000000,0.000000000
100000005704413100,100000002528978100,15900.000000000,1,0.000000000,0.000000000
100000005704413100,100000002660298100,30900.000000000,1,0.000000000,0.000000000
100000005704413100,100000002689717100,47500.000000000,1,0.000000000,0.000000000
100000005704413100,100000002695812100,95000.000000000,1,0.000000000,0.000000000
100000005704413100,100000002702968100,31600.000000000,1,0.000000000,0.000000000
100000005704413100,100000002729875100,76000.000000000,1,0.000000000,0.000000000
100000005704413100,100000002733083100,15200.000000000,1,0.000000000,0.000000000
100000005704413100,100000002748040100,18000.000000000,1,0.000000000,0.000000000
100000005704413100,100000002791494100,85860.000000000,1,0.000000000,0.000000000
100000005704413100,100000002838861100,67000.000000000,1,0.000000000,0.000000000
100000005704413100,100000002870463100,50000.000000000,1,0.000000000,0.000000000
100000005704413100,100000003031003100,15090.000000000,1,0.000000000,0.000000000
100000005704413100,100000003040087100,29000.000000000,1,0.000000000,0.000000000
100000005704413100,100000003083865100,15000.000000000,1,0.000000000,0.000000000
100000005704413100,100000003096787100,16400.000000000,1,0.000000000,0.000000000
100000005704413100,100000003166017100,15000.000000000,1,0.000000000,0.000000000
100000005704413100,100000004569484100,65705.000000000,2,0.000000000,0.000000000
100000005704413100,100000004750321100,44695.000000000,1,0.000000000,0.000000000
100000005704413100,100000004890713100,40485.000000000,1,0.000000000,0.000000000
100000005704413100,100000005567828100,94000.000000000,1,0.000000000,0.000000000
100000005704413100,100000007510567100,52000.000000000,1,0.000000000,0.000000000
100000005704413100,100000007998965100,30000.000000000,1,0.000000000,0.000000000
100000005704413100,100000008071749100,24943.000000000,1,0.000000000,0.000000000
100000005704413100,100000008251939100,44360.000000000,1,0.000000000,0.000000000
100000005704413100,100000008379273100,20000.000000000,1,0.000000000,0.000000000
100000005704413100,100000008628818100,46310.000000000,1,0.000000000,0.000000000
100000005744674100,100000005382566100,50066.000000000,2,50066.000000000,1.000000000
100000005756189100,100000002971593100,49050.000000000,1,0.000000000,0.000000000
100000005782781100,100000002236528100,66000.000000000,1,0.000000000,0.000000000
100000005782781100,100000002681544100,130965.000000000,1,286.060724403,0.002184253
100000005782781100,100000003677936100,71000.000000000,1,0.000000000,0.000000000
100000005782781100,100000003920950100,323290.000000000,1,706.147227063,0.002184253
100000005782781100,100000004847758100,23717.000000000,1,51.803933881,0.002184253
100000005782781100,100000005532138100,25046.000000000,1,387.069857083,0.015454358
100000005782781100,100000005778283100,270000.000000000,1,589.748372381,0.002184253
100000005782781100,100000006209210100,229111.000000000,1,3540.763476250,0.015454358
100000005782781100,100000007594394100,105000.000000000,1,229.346589259,0.002184253
100000005782781100,100000008633099100,19468.000000000,1,0.000000000,0.000000000
100000005815602100,100000005272139100,165000.000000000,1,0.000000000,0.000000000
100000005820746100,100000001965374100,60000.000000000,1,0.000000000,0.000000000
100000005830339100,100000002480800100,339251.000000000,1,428.160862099,0.001262077
100000005834479100,100000003528285100,5470.000000000,1,0.000000000,0.000000000
100000005834479100,100000006641671100,9000.000000000,1,0.000000000,0.000000000
100000005873152100,100000003360542100,10000.000000000,1,0.000000000,0.000000000
100000005882013100,100000005074393100,10000.000000000,1,133.162341356,0.013316234
100000005910114100,100000001857829100,49035.000000000,1,1678.037343022,0.034221216
100000005910114100,100000002398779100,74910.000000000,2,2563.511315709,0.034221216
100000005910114100,100000002741024100,10785.000000000,1,0.000000000,0.000000000
100000005910114100,100000002957787100,45856.000000000,2,0.000000000,0.000000000
100000005910114100,100000003684369100,76677.000000000,3,0.000000000,0.000000000
100000005910114100,100000003741418100,10500.000000000,1,-0.000000000,0.000000000
100000005910114100,100000003747133100,49217.000000000,2,960.247330380,0.019510481
100000005910114100,100000004486525100,195047.000000000,7,0.000000000,0.000000000
100000005910114100,100000004652395100,75028.000000000,2,0.000000000,0.000000000
100000005910114100,100000004962193100,39378.000000000,1,0.000000000,0.000000000
100000005910114100,100000005782781100,45688.000000000,2,0.000000000,0.000000000
100000005910114100,100000006756956100,121200.000000000,9,0.000000000,0.000000000
100000005910114100,100000006866783100,241712.000000000,8,-0.000000000,0.000000000
100000005910114100,100000007629096100,97170.000000000,2,0.000000000,0.000000000
100000005910114100,100000008111003100,56016.000000000,2,0.000000000,0.000000000
100000005910114100,100000008165763100,18130.000000000,1,0.000000000,0.000000000
100000005910114100,100000008525136100,14100.000000000,1,482.519150334,0.034221216
100000005910114100,100000008576243100,16920.000000000,1,0.000000000,0.000000000
100000005910114100,100000008603629100,232624.000000000,8,822.267386115,0.003534749
100000005911352100,100000003962994100,10000.000000000,1,3421.333333333,0.342133333
100000005911352100,100000004508696100,7000.000000000,1,0.000000000,0.000000000
100000005911352100,100000005127767100,7000.000000000,1,0.000000000,0.000000000
100000005933757100,100000001052945100,56520.000000000,1,0.000000000,0.000000000
100000005933757100,100000001073568100,707465.000000000,4,0.000000000,0.000000000
100000005933757100,100000001253557100,23000.000000000,1,-0.000000000,0.000000000
100000005933757100,100000001541418100,46900.000000000,1,0.000000000,0.000000000
100000005933757100,100000001549194100,46500.000000000,1,434.334645827,0.009340530
100000005933757100,100000001550419100,23000.000000000,1,0.000000000,0.000000000
100000005933757100,100000001597424100,48100.000000000,1,0.000000000,0.000000000
100000005933757100,100000001831496100,25000.000000000,1,0.000000000,0.000000000
100000005933757100,100000001969496100,22740.000000000,1,0.000000000,0.000000000
100000005933757100,100000002546921100,20000.000000000,1,0.000000000,0.000000000
100000005933757100,100000002633108100,320000.000000000,3,607.134451156,0.001897295
100000005933757100,100000002748532100,52192.000000000,1,487.500942688,0.009340530
100000005933757100,100000002748581100,41180.000000000,1,256.297882787,0.006223844
100000005933757100,100000002822472100,59407.000000000,1,0.000000000,0.000000000
100000005933757100,100000002838519100,46900.000000000,1,0.000000000,0.000000000
100000005933757100,100000002862113100,47405.000000000,2,0.000000000,0.000000000
100000005933757100,100000002871199100,23186.000000000,1,0.000000000,0.000000000
100000005933757100,100000002891765100,55576.000000000,1,0.000000000,0.000000000
100000005933757100,100000002948492100,23660.000000000,1,0.000000000,0.000000000
100000005933757100,100000002951898100,39990.000000000,1,373.527795411,0.009340530
100000005933757100,100000002963189100,490000.000000000,3,0.000000000,0.000000000
100000005933757100,100000003111305100,99873.000000000,1,932.866754466,0.009340530
100000005933757100,100000003484058100,110000.000000000,1,0.000000000,0.000000000
100000005933757100,100000004159526100,144082.000000000,1,896.743845258,0.006223844
100000005933757100,100000004403675100,48100.000000000,1,0.000000000,0.000000000
100000005933757100,100000004500444100,100000.000000000,5,186.810600356,0.001868106
100000005933757100,100000004569484100,32607.000000000,1,0.000000000,0.000000000
100000005933757100,100000007020162100,86395.000000000,1,0.000000000,0.000000000
100000005933757100,100000007999728100,23250.000000000,1,0.000000000,0.000000000
100000005933757100,100000008104567100,20550.000000000,1,0.000000000,0.000000000
100000005933757100,100000008259451100,55000.000000000,1,0.000000000,0.000000000
100000005933757100,100000008416433100,20000.000000000,1,0.000000000,0.000000000
100000005933757100,100000008454065100,24050.000000000,1,0.000000000,0.000000000
100000005933757100,100000008682426100,20000.000000000,1,0.000000000,0.000000000
100000005958064100,100000000917179100,94465.000000000,2,3309.996643633,0.035039397
100000005958064100,100000002605308100,69521.840000000,1,2436.003356367,0.035039397
100000006020215100,100000004167082100,13300.000000000,1,0.000000000,0.000000000
100000006020215100,100000005386383100,20500.000000000,1,-0.000000000,0.000000000
100000006069103100,100000000201868100,190000.000000000,1,0.000000000,0.000000000
100000006069103100,100000003192220100,60000.000000000,2,0.000000000,0.000000000
100000006069103100,100000006787636100,20000.000000000,1,3000.030909035,0.150001545
100000006111439100,100000000646541100,5000.000000000,1,0.000000000,0.000000000
100000006111439100,100000003249054100,5000.000000000,1,0.000000000,0.000000000
100000006111439100,100000003741418100,5000.000000000,1,0.000000000,0.000000000
100000006111439100,100000008244300100,9000.000000000,1,0.000000000,0.000000000
100000006165886100,100000003834495100,75000.000000000,1,1.929770758,0.000025730
100000006169033100,100000003664994100,338271.000000000,2,0.000000000,0.000000000
100000006169033100,100000006232642100,456000.000000000,4,0.000000000,0.000000000
100000006169033100,100000008011159100,346000.000000000,4,0.000000000,0.000000000
100000006225798100,100000000957746100,5300.000000000,1,0.000000000,0.000000000
100000006225798100,100000003500764100,21000.000000000,1,0.000000000,0.000000000
100000006232815100,100000000607731100,20000.000000000,1,20000.000000000,1.000000000
100000006232815100,100000000703894100,120000.000000000,1,120000.000000000,1.000000000
100000006232815100,100000001380054100,120000.000000000,1,120000.000000000,1.000000000
100000006232815100,100000005669845100,20000.000000000,1,20000.000000000,1.000000000
100000006232815100,100000006734554100,16500.000000000,1,16500.000000000,1.000000000
100000006240939100,100000001270349100,200000.000000000,1,0.000000000,0.000000000
100000006240939100,100000002757791100,73050.000000000,1,0.000000000,0.000000000
100000006240939100,100000003111305100,164965.000000000,1,0.000000000,0.000000000
100000006240939100,100000004221668100,300000.000000000,1,0.000000000,0.000000000
100000006240939100,100000004997515100,40000.000000000,1,0.000000000,0.000000000
100000006249740100,100000006562026100,60000.000000000,3,60000.000000000,1.000000000
100000006249740100,100000007347733100,23007.000000000,1,23007.000000000,1.000000000
100000006249740100,100000008129393100,10000.000000000,1,10000.000000000,1.000000000
100000006274203100,100000005409680100,33000.000000000,1,0.000000000,0.000000000
100000006274203100,100000007594394100,5000.000000000,1,0.000000000,0.000000000
100000006274203100,100000008638859100,34000.000000000,1,0.000000000,0.000000000
100000006385877100,100000006443391100,36602.930000000,5,0.000000000,0.000000000
100000006424479100,100000000733451100,70000.000000000,2,0.000000000,0.000000000
100000006424479100,100000003270419100,150000.000000000,1,0.000000000,0.000000000
100000006443391100,100000006385877100,53706.620000000,5,13256.766534928,0.246836731
100000006443391100,100000006912294100,6335.090000000,1,2799.426970259,0.441892218
100000006492770100,100000004791226100,20000.000000000,1,0.000000000,0.000000000
100000006518161100,100000003039473100,23000.000000000,1,22773.295470226,0.990143281
100000006518161100,100000005660203100,572899.000000000,12,384867.048052492,0.671788654
100000006534886100,100000004330371100,167500.000000000,8,52199.131594098,0.311636607
100000006579678100,100000000490383100,51600.000000000,1,0.000000000,0.000000000
100000006579678100,100000002489253100,51000.000000000,1,3999.689440994,0.078425283
100000006579678100,100000003016635100,81600.000000000,1,0.000000000,0.000000000
100000006579678100,100000003237045100,340200.000000000,2,0.000000000,0.000000000
100000006579678100,100000008144528100,1024400.000000000,9,38930.310559006,0.038003036
100000006579678100,100000008389800100,120000.000000000,1,0.000000000,0.000000000
100000006612238100,100000001697501100,25000.000000000,1,0.000000000,0.000000000
100000006641671100,100000008097580100,25000.000000000,3,-0.000000000,0.000000000
100000006656003100,100000002527114100,9000.000000000,1,0.000000000,0.000000000
100000006664478100,100000005087923100,20000.000000000,1,0.000000000,0.000000000
100000006664478100,100000005636951100,40000.000000000,1,0.000000000,0.000000000
100000006704530100,100000003470579100,357000.000000000,2,154.679094964,0.000433275
100000006704530100,100000008151098100,30000.000000000,1,13.239294861,0.000441310
100000006704530100,100000008331280100,41000.000000000,2,13.680604690,0.000333673
100000006707582100,100000000850297100,17520.000000000,1,0.000000000,0.000000000
100000006707582100,100000001273783100,23200.000000000,1,0.000000000,0.000000000
100000006707582100,100000001287955100,17520.000000000,1,0.000000000,0.000000000
100000006707582100,100000001954903100,27118.000000000,1,0.000000000,0.000000000
100000006707582100,100000002170580100,150000.000000000,1,0.000000000,0.000000000
100000006707582100,100000002540623100,100000.000000000,1,0.000000000,0.000000000
100000006707582100,100000002566204100,80805.000000000,1,0.000000000,0.000000000
100000006707582100,100000002618492100,118500.000000000,1,0.000000000,0.000000000
100000006707582100,100000002973903100,20000.000000000,1,0.000000000,0.000000000
100000006707582100,100000004159526100,10955.000000000,1,0.000000000,0.000000000
100000006707582100,100000004732589100,227520.000000000,1,0.000000000,0.000000000
100000006707582100,100000005328215100,27000.000000000,1,0.000000000,0.000000000
100000006707582100,100000007998965100,111000.000000000,2,0.000000000,0.000000000
100000006707582100,100000008094734100,30000.000000000,1,0.000000000,0.000000000
100000006714366100,100000004472936100,5000.000000000,1,122.699386503,0.024539877
100000006734214100,100000001130553100,18000.000000000,2,0.000000000,0.000000000
100000006734214100,100000003632533100,10000.000000000,1,-0.000000000,0.000000000
100000006734214100,100000003792647100,8000.000000000,1,0.000000000,0.000000000
100000006734554100,100000003617552100,25000.000000000,1,16500.000000000,0.660000000
100000006788200100,100000002692750100,10000.000000000,1,0.000000000,0.000000000
100000006788200100,100000005205745100,6000.000000000,1,0.000000000,0.000000000
100000006788200100,100000006994985100,48500.000000000,2,0.000000000,0.000000000
100000006831291100,100000006562026100,15000.000000000,3,15000.000000000,1.000000000
100000006844768100,100000001954534100,13000.000000000,1,0.000000000,0.000000000
100000006844768100,100000004759121100,175000.000000000,4,0.000000000,0.000000000
100000006866783100,100000000011452100,75000.000000000,3,75000.000000000,1.000000000
100000006866783100,100000000089154100,10000.000000000,1,10000.000000000,1.000000000
100000006866783100,100000000555721100,95000.000000000,2,95000.000000000,1.000000000
100000006866783100,100000000661912100,25311.000000000,1,25311.000000000,1.000000000
100000006866783100,100000000945428100,89629.000000000,1,89629.000000000,1.000000000
100000006866783100,100000000961900100,27000.000000000,2,27000.000000000,1.000000000
100000006866783100,100000001126374100,20000.000000000,2,20000.000000000,1.000000000
100000006866783100,100000001330685100,130425.000000000,1,130425.000000000,1.000000000
100000006866783100,100000001363952100,69155.000000000,1,69155.000000000,1.000000000
100000006866783100,100000001524952100,103807.000000000,1,103807.000000000,1.000000000
100000006866783100,100000001530983100,58724.000000000,1,58724.000000000,1.000000000
100000006866783100,100000001550388100,50000.000000000,1,50000.000000000,1.000000000
100000006866783100,100000001609499100,93937.000000000,1,93937.000000000,1.000000000
100000006866783100,100000001660397100,19300.000000000,1,19300.000000000,1.000000000
100000006866783100,100000002182176100,42465.000000000,1,42465.000000000,1.000000000
100000006866783100,100000002214301100,21438.000000000,1,21438.000000000,1.000000000
100000006866783100,100000002306369100,73166.000000000,1,73166.000000000,1.000000000
100000006866783100,100000002511825100,65000.000000000,1,65000.000000000,1.000000000
100000006866783100,100000002597003100,17700.000000000,1,17700.000000000,1.000000000
100000006866783100,100000002603769100,149968.000000000,1,149968.000000000,1.000000000
100000006866783100,100000002606567100,14095.000000000,1,14095.000000000,1.000000000
100000006866783100,100000002645609100,46987.000000000,1,46987.000000000,1.000000000
100000006866783100,100000002681449100,11900.000000000,1,11900.000000000,1.000000000
100000006866783100,100000002750956100,47416.000000000,1,47416.000000000,1.000000000
100000006866783100,100000002809568100,10000.000000000,1,10000.000000000,1.000000000
100000006866783100,100000002845605100,57567.000000000,1,57567.000000000,1.000000000
100000006866783100,100000002934441100,36068.000000000,1,36068.000000000,1.000000000
100000006866783100,100000003004487100,47967.000000000,1,47967.000000000,1.000000000
100000006866783100,100000003066385100,10000.000000000,1,10000.000000000,1.000000000
100000006866783100,100000003102157100,96746.000000000,2,96746.000000000,1.000000000
100000006866783100,100000003235780100,15000.000000000,1,15000.000000000,1.000000000
100000006866783100,100000003449074100,10000.000000000,1,10000.000000000,1.000000000
100000006866783100,100000003873332100,23468.000000000,1,23468.000000000,1.000000000
100000006866783100,100000004070318100,64725.000000000,2,64725.000000000,1.000000000
100000006866783100,100000004071080100,67000.000000000,4,67000.000000000,1.000000000
100000006866783100,100000004076740100,46250.000000000,1,46250.000000000,1.000000000
100000006866783100,100000004180097100,76854.000000000,1,76854.000000000,1.000000000
100000006866783100,100000004299488100,337000.000000000,5,337000.000000000,1.000000000
100000006866783100,100000004325327100,47472.000000000,1,47472.000000000,1.000000000
100000006866783100,100000004351795100,66404.000000000,1,66404.000000000,1.000000000
100000006866783100,100000004390333100,45751.000000000,1,45751.000000000,1.000000000
100000006866783100,100000004403675100,47187.000000000,1,47187.000000000,1.000000000
100000006866783100,100000004622227100,24931.000000000,1,24931.000000000,1.000000000
100000006866783100,100000004664515100,37691.000000000,1,37691.000000000,1.000000000
100000006866783100,100000004679953100,40003.000000000,1,40003.000000000,1.000000000
100000006866783100,100000004737477100,30127.000000000,2,30127.000000000,1.000000000
100000006866783100,100000004759121100,50000.000000000,1,50000.000000000,1.000000000
100000006866783100,100000004847758100,18775.000000000,1,18775.000000000,1.000000000
100000006866783100,100000005496254100,12700.000000000,1,12700.000000000,1.000000000
100000006866783100,100000005584222100,136217.000000000,3,136217.000000000,1.000000000
100000006866783100,100000005620225100,43923.000000000,1,43923.000000000,1.000000000
100000006866783100,100000005844459100,150000.000000000,1,150000.000000000,1.000000000
100000006866783100,100000006687202100,50000.000000000,1,50000.000000000,1.000000000
100000006866783100,100000007055802100,200000.000000000,3,200000.000000000,1.000000000
100000006866783100,100000007639767100,23018.000000000,1,23018.000000000,1.000000000
100000006866783100,100000007648946100,19550.000000000,1,19550.000000000,1.000000000
100000006866783100,100000008066326100,19320.000000000,1,19320.000000000,1.000000000
100000006866783100,100000008071620100,46968.000000000,1,46968.000000000,1.000000000
100000006866783100,100000008094734100,150000.000000000,1,150000.000000000,1.000000000
100000006866783100,100000008137435100,43906.000000000,1,43906.000000000,1.000000000
100000006866783100,100000008221543100,20000.000000000,1,20000.000000000,1.000000000
100000006866783100,100000008304139100,23567.000000000,1,23567.000000000,1.000000000
100000006866783100,100000008443341100,24500.000000000,1,24500.000000000,1.000000000
100000006866783100,100000008560717100,45000.000000000,2,45000.000000000,1.000000000
100000006866783100,100000008665380100,10000.000000000,1,10000.000000000,1.000000000
100000006866783100,100000008686234100,39778.000000000,1,39778.000000000,1.000000000
100000006866783100,100000008686313100,225181.000000000,4,225181.000000000,1.000000000
100000006888238100,100000001852140100,30000.000000000,1,0.000000000,0.000000000
100000006889963100,100000006755850100,443475.800000000,3,164560.202515723,0.371069182
100000006901046100,100000000706545100,5500.000000000,1,3725.723140496,0.677404207
100000006912294100,100000006443391100,25000.000000000,1,0.000000000,0.000000000
100000006912294100,100000007510875100,5000.000000000,1,0.000000000,0.000000000
100000006967370100,100000002320495100,13526.270000000,1,0.000000000,0.000000000
100000006977207100,100000002459832100,580606.000000000,1,0.000000000,0.000000000
100000006977207100,100000002475601100,232301.000000000,1,0.000000000,0.000000000
100000006977207100,100000002508637100,306410.000000000,1,0.000000000,0.000000000
100000006977207100,100000002528544100,192912.000000000,1,0.000000000,0.000000000
100000006977207100,100000002531406100,520000.000000000,1,0.000000000,0.000000000
100000006977207100,100000002914245100,140611.000000000,1,0.000000000,0.000000000
100000006977207100,100000002936322100,599966.000000000,1,0.000000000,0.000000000
100000006977207100,100000003031761100,460408.000000000,1,0.000000000,0.000000000
100000006977207100,100000003087877100,91486.000000000,1,0.000000000,0.000000000
100000006977207100,100000003171587100,200000.000000000,1,0.000000000,0.000000000
100000006977207100,100000003216073100,37001.000000000,1,0.000000000,0.000000000
100000006977207100,100000005527892100,120001.000000000,1,0.000000000,0.000000000
100000006977207100,100000008343874100,175350.000000000,1,0.000000000,0.000000000
100000006977207100,100000008514970100,379966.000000000,1,0.000000000,0.000000000
100000006977207100,100000008598972100,120000.000000000,1,0.000000000,0.000000000
100000006994985100,100000007140834100,10200.000000000,2,0.000000000,0.000000000
100000007018630100,100000002371751100,200000.000000000,5,200000.000000000,1.000000000
100000007055802100,100000004299488100,605000.000000000,7,27549.582001104,0.045536499
100000007129492100,100000006852430100,37000.000000000,1,25990.000000000,0.702432432
100000007131370100,100000000076451100,30000.000000000,1,0.000000000,0.000000000
100000007138613100,100000000737152100,35000.000000000,1,0.000000000,0.000000000
100000007138613100,100000003180305100,144000.000000000,1,0.000000000,0.000000000
100000007170072100,100000003177533100,20000.000000000,3,-0.000000000,0.000000000
100000007170072100,100000003345947100,79500.000000000,6,-0.000000000,0.000000000
100000007197866100,100000004379306100,15000.000000000,1,-0.000000000,0.000000000
100000007242833100,100000003781406100,45000.000000000,2,41567.609302326,0.923724651
100000007267915100,100000004486525100,10000.000000000,1,0.000000000,0.000000000
100000007311010100,100000004441291100,20000.000000000,1,0.000000000,0.000000000
100000007322059100,100000004552204100,22500.000000000,2,12324.840764331,0.547770701
100000007333038100,100000003047800100,12212.000000000,1,0.000000000,0.000000000
100000007333038100,100000008130868100,22782.000000000,1,0.000000000,0.000000000
100000007382543100,100000003001661100,110000.000000000,1,0.000000000,0.000000000
100000007382543100,100000004407753100,250000.000000000,4,4523.478744096,0.018093915
100000007382543100,100000006965162100,10000.000000000,1,0.000000000,0.000000000
100000007382543100,100000008655779100,47000.000000000,1,0.000000000,0.000000000
100000007382543100,100000008708025100,10000.000000000,1,328.980272298,0.032898027
100000007390016100,100000008324800100,346500.000000000,14,0.000000000,0.000000000
100000007392365100,100000003631015100,266000.000000000,1,0.000000000,0.000000000
100000007392365100,100000004976946100,246000.000000000,1,0.000000000,0.000000000
100000007392365100,100000005745873100,223000.000000000,1,0.000000000,0.000000000
100000007392365100,100000006351075100,40000.000000000,2,0.000000000,0.000000000
100000007392365100,100000007865484100,584600.000000000,2,0.000000000,0.000000000
100000007392365100,100000008551752100,406000.000000000,2,0.000000000,0.000000000
100000007442518100,100000000821507100,400000.000000000,1,0.000000000,0.000000000
100000007442518100,100000001584286100,99999.000000000,1,0.000000000,0.000000000
100000007442518100,100000001961048100,150000.000000000,1,0.000000000,0.000000000
100000007442518100,100000002454724100,125000.000000000,3,857.142857143,0.006857143
100000007442518100,100000002911170100,300000.000000000,2,5142.857142857,0.017142857
100000007442518100,100000006567935100,200000.000000000,1,0.000000000,0.000000000
100000007442518100,100000007173936100,10000.000000000,1,0.000000000,0.000000000
100000007442518100,100000008258083100,3000000.000000000,1,6.578913386,0.000002193
100000007442518100,100000008376089100,135000.000000000,1,0.000000000,0.000000000
100000007472293100,100000002794374100,111000.000000000,1,0.000000000,0.000000000
100000007472293100,100000006638021100,18500.000000000,1,0.000000000,0.000000000
100000007472293100,100000008333492100,216400.000000000,1,0.000000000,0.000000000
100000007511163100,100000000343175100,11937.000000000,1,0.000000000,0.000000000
100000007511163100,100000006122699100,21115.000000000,1,0.000000000,0.000000000
100000007511163100,100000008389800100,49000.000000000,1,0.000000000,0.000000000
100000007534354100,100000002952756100,47000.000000000,1,0.000000000,0.000000000
100000007534354100,100000004644615100,50810.000000000,1,0.000000000,0.000000000
100000007534354100,100000007998965100,50000.000000000,1,0.000000000,0.000000000
100000007536804100,100000001677929100,45000.000000000,1,45000.000000000,1.000000000
100000007536804100,100000004950490100,10000.000000000,1,10000.000000000,1.000000000
100000007544358100,100000003798151100,350000.000000000,3,150000.000000000,0.428571429
100000007591246100,100000008356606100,120000.000000000,1,0.000000000,0.000000000
100000007593823100,100000000332284100,5000.000000000,1,0.000000000,0.000000000
100000007593823100,100000001633685100,5000.000000000,1,0.000000000,0.000000000
100000007593823100,100000002398779100,21000.000000000,2,0.000000000,0.000000000
100000007593823100,100000003249054100,10000.000000000,2,40.899795501,0.004089980
100000007593823100,100000003741418100,12600.000000000,2,0.000000000,0.000000000
100000007593823100,100000003786516100,5000.000000000,1,0.000000000,0.000000000
100000007593823100,100000004486525100,17000.000000000,3,0.000000000,0.000000000
100000007593823100,100000004652395100,16500.000000000,2,0.000000000,0.000000000
100000007593823100,100000005665181100,5000.000000000,1,0.000000000,0.000000000
100000007593823100,100000005942793100,5000.000000000,1,0.000000000,0.000000000
100000007593823100,100000008111003100,17000.000000000,1,0.000000000,0.000000000
100000007593823100,100000008346837100,5800.000000000,1,0.000000000,0.000000000
100000007593823100,100000008730846100,38000.000000000,3,81.799591002,0.002152621
100000007594394100,100000006274203100,3376312.000000000,40,229.346589259,0.000067928
100000007629096100,100000002741024100,765205.000000000,5,0.000000000,0.000000000
100000007639767100,100000000437046100,50000.000000000,1,0.000000000,0.000000000
100000007639767100,100000000489417100,20000.000000000,1,0.000000000,0.000000000
100000007639767100,100000003684369100,10000.000000000,1,0.000000000,0.000000000
100000007639767100,100000004400305100,10000.000000000,1,0.000000000,0.000000000
100000007639767100,100000006866783100,10000.000000000,1,0.000000000,0.000000000
100000007639767100,100000007629096100,500000.000000000,1,0.000000000,0.000000000
100000007639767100,100000008603629100,98250.000000000,4,7498.582033529,0.076321446
100000007639767100,100000008701256100,58250.000000000,1,11790.395460420,0.202410222
100000007639767100,100000008710843100,15744.000000000,1,5902.883776794,0.374929102
100000007639767100,100000008731444100,50000.000000000,1,0.000000000,0.000000000
100000007648946100,100000000489417100,25000.000000000,1,19550.000000000,0.782000000
100000007689942100,100000004350094100,20000.000000000,1,0.000000000,0.000000000
100000007689942100,100000008546855100,5000.000000000,1,0.000000000,0.000000000
100000007747786100,100000000267734100,120000.000000000,1,120000.000000000,1.000000000
100000007747786100,100000000274067100,217704.000000000,1,217704.000000000,1.000000000
100000007747786100,100000001929088100,210000.000000000,1,210000.000000000,1.000000000
100000007747786100,100000002591469100,235670.000000000,1,235670.000000000,1.000000000
100000007747786100,100000002648315100,132000.000000000,1,132000.000000000,1.000000000
100000007747786100,100000002670860100,200000.000000000,1,200000.000000000,1.000000000
100000007747786100,100000002762076100,89450.000000000,1,89450.000000000,1.000000000
100000007747786100,100000002794197100,30100.000000000,1,30100.000000000,1.000000000
100000007747786100,100000002836736100,193000.000000000,1,193000.000000000,1.000000000
100000007747786100,100000002838861100,108000.000000000,1,108000.000000000,1.000000000
100000007747786100,100000002844652100,61360.000000000,1,61360.000000000,1.000000000
100000007747786100,100000002870937100,83700.000000000,1,83700.000000000,1.000000000
100000007747786100,100000002894076100,741782.000000000,3,741782.000000000,1.000000000
100000007747786100,100000002921047100,175000.000000000,1,175000.000000000,1.000000000
100000007747786100,100000003044518100,34423.000000000,1,34423.000000000,1.000000000
100000007747786100,100000003158727100,176440.000000000,1,176440.000000000,1.000000000
100000007747786100,100000003265158100,18600.400000000,1,18600.400000000,1.000000000
100000007747786100,100000003377795100,7000.000000000,1,7000.000000000,1.000000000
100000007747786100,100000003589877100,26000.000000000,1,26000.000000000,1.000000000
100000007747786100,100000003831324100,200000.000000000,1,200000.000000000,1.000000000
100000007747786100,100000004015047100,170000.000000000,1,170000.000000000,1.000000000
100000007747786100,100000004130144100,200000.000000000,1,200000.000000000,1.000000000
100000007747786100,100000004159526100,100000.000000000,1,100000.000000000,1.000000000
100000007747786100,100000005473151100,60000.000000000,2,60000.000000000,1.000000000
100000007747786100,100000005514161100,30000.000000000,1,30000.000000000,1.000000000
100000007747786100,100000005588444100,12300.000000000,1,12300.000000000,1.000000000
100000007747786100,100000005778283100,205760.000000000,1,205760.000000000,1.000000000
100000007747786100,100000007536804100,100000.000000000,1,100000.000000000,1.000000000
100000007747786100,100000007641801100,200000.000000000,1,200000.000000000,1.000000000
100000007747786100,100000008219168100,53200.000000000,2,53200.000000000,1.000000000
100000007747786100,100000008349675100,46520.000000000,1,46520.000000000,1.000000000
100000007749092100,100000003886323100,70375.000000000,5,0.000000000,0.000000000
100000007777377100,100000001427082100,5000.000000000,1,3026.252046100,0.605250409
100000007777377100,100000002448088100,5000.000000000,1,0.000000000,0.000000000
100000007797290100,100000002459164100,20000.000000000,1,0.000000000,0.000000000
100000007864477100,100000002481974100,25000.000000000,1,0.000000000,0.000000000
100000007864477100,100000003684369100,30000.000000000,1,0.000000000,0.000000000
100000007864477100,100000004261340100,48500.000000000,4,0.000000000,0.000000000
100000007864477100,100000004486525100,50000.000000000,2,0.000000000,0.000000000
100000007864477100,100000004962193100,25000.000000000,1,0.000000000,0.000000000
100000007864477100,100000005942793100,25000.000000000,1,0.000000000,0.000000000
100000007898453100,100000003946524100,20000.000000000,1,0.000000000,0.000000000
100000007898453100,100000008427027100,300000.000000000,1,0.000000000,0.000000000
100000007908818100,100000000806727100,45000.000000000,1,0.000000000,0.000000000
100000007908818100,100000001346560100,5000.000000000,1,5000.000000000,1.000000000
100000007908818100,100000001641951100,25000.000000000,4,7968.349766658,0.318733991
100000007908818100,100000002836052100,15000.000000000,1,0.000000000,0.000000000
100000007908818100,100000008060273100,10000.000000000,2,7968.349766658,0.796834977
100000007908818100,100000008473207100,202000.000000000,4,0.000000000,0.000000000
100000007939160100,100000000580561100,9300.000000000,1,0.000000000,0.000000000
100000007939160100,100000007930878100,5000.000000000,1,0.000000000,0.000000000
100000007953156100,100000005941908100,10000.000000000,1,3971.030763504,0.397103076
100000007982728100,100000001411870100,700000.000000000,3,700000.000000000,1.000000000
100000007982728100,100000002152857100,105000.000000000,1,105000.000000000,1.000000000
100000007982728100,100000003977183100,41800.000000000,1,41800.000000000,1.000000000
100000007982728100,100000004015047100,264384.000000000,2,264384.000000000,1.000000000
100000007982728100,100000005316708100,90000.000000000,1,90000.000000000,1.000000000
100000007982728100,100000006788200100,93200.000000000,1,93200.000000000,1.000000000
100000007982728100,100000006972210100,150000.000000000,1,150000.000000000,1.000000000
100000007982728100,100000008748408100,360000.000000000,2,360000.000000000,1.000000000
100000007998965100,100000007793871100,26000.000000000,3,0.000000000,0.000000000
100000008002020100,100000005664922100,17000.000000000,1,17000.000000000,1.000000000
100000008003034100,100000005933757100,30000.000000000,1,0.000000000,0.000000000
100000008003034100,100000008346837100,28500.000000000,1,0.000000000,0.000000000
100000008003034100,100000008356606100,48500.000000000,1,12201.000000000,0.251567010
100000008003034100,100000008603331100,28000.000000000,1,0.000000000,0.000000000
100000008011159100,100000003888527100,30000.000000000,1,792.563489997,0.026418783
100000008011159100,100000005182219100,25000.000000000,1,660.469574997,0.026418783
100000008011159100,100000005754335100,44037.000000000,1,0.000000000,0.000000000
100000008011159100,100000006169033100,49000.000000000,1,0.000000000,0.000000000
100000008011159100,100000006573438100,5000.000000000,1,0.000000000,0.000000000
100000008086440100,100000000437046100,41500.000000000,1,0.000000000,0.000000000
100000008086440100,100000004388353100,28000.000000000,1,0.000000000,0.000000000
100000008086440100,100000006903193100,9000.000000000,1,0.000000000,0.000000000
100000008086440100,100000008477350100,18900.000000000,1,0.000000000,0.000000000
100000008086440100,100000008603629100,63900.000000000,2,0.000000000,0.000000000
100000008088082100,100000004019056100,50000.000000000,1,0.000000000,0.000000000
100000008104567100,100000000481716100,8000.000000000,1,0.000000000,0.000000000
100000008104567100,100000001616816100,12000.000000000,2,0.000000000,0.000000000
100000008104567100,100000005704413100,20000.000000000,1,0.000000000,0.000000000
100000008106997100,100000006844004100,20600.000000000,1,0.000000000,0.000000000
100000008111003100,100000003796063100,35000.000000000,1,10500.550765425,0.300015736
100000008121806100,100000005079473100,39312.000000000,1,0.000000000,0.000000000
100000008121806100,100000005360814100,144000.000000000,3,310.444762248,0.002155866
100000008121806100,100000008346837100,5000.000000000,1,0.000000000,0.000000000
100000008121806100,100000008547948100,60197.000000000,1,0.000000000,0.000000000
100000008137435100,100000001822623100,201300.000000000,1,0.000000000,0.000000000
100000008137435100,100000003104347100,418000.000000000,1,43906.000000000,0.105038278
100000008137435100,100000003701161100,349000.000000000,1,0.000000000,0.000000000
100000008137435100,100000003824464100,200000.000000000,1,0.000000000,0.000000000
100000008137435100,100000008238989100,200000.000000000,2,0.000000000,0.000000000
100000008137435100,100000008686313100,51400.000000000,1,0.000000000,0.000000000
100000008165763100,100000000912487100,10000.000000000,1,1364.030807493,0.136403081
100000008165763100,100000001251686100,18000.000000000,1,0.000000000,0.000000000
100000008165763100,100000001339466100,30000.000000000,1,3277.676185117,0.109255873
100000008165763100,100000002432143100,81310.000000000,1,0.000000000,0.000000000
100000008165763100,100000002679516100,36050.000000000,1,0.000000000,0.000000000
100000008165763100,100000002757240100,51183.000000000,1,0.000000000,0.000000000
100000008165763100,100000002947299100,85000.000000000,1,0.000000000,0.000000000
100000008165763100,100000002983879100,114100.000000000,1,0.000000000,0.000000000
100000008165763100,100000003115284100,130000.000000000,1,0.000000000,0.000000000
100000008165763100,100000003134934100,116000.000000000,1,0.000000000,0.000000000
100000008165763100,100000006446271100,30000.000000000,1,3969.091995407,0.132303067
100000008165763100,100000006564102100,233235.000000000,1,31813.972538556,0.136403081
100000008165763100,100000006679055100,25000.000000000,1,0.000000000,0.000000000
100000008165763100,100000007311010100,26480.000000000,1,0.000000000,0.000000000
100000008165763100,100000007594394100,40000.000000000,1,0.000000000,0.000000000
100000008165763100,100000007908818100,116500.000000000,1,37000.000000000,0.317596567
100000008165763100,100000008531186100,125000.000000000,1,7057.500670301,0.056460005
100000008169544100,100000000343175100,15500.000000000,2,0.000000000,0.000000000
100000008169544100,100000000765628100,5000.000000000,1,0.000000000,0.000000000
100000008169544100,100000003016635100,17300.000000000,3,12300.000000000,0.710982659
100000008169544100,100000004156082100,5000.000000000,1,5000.000000000,1.000000000
100000008172352100,100000000993112100,141000.000000000,1,29853.503184713,0.211726973
100000008172352100,100000001597505100,26460.000000000,1,0.000000000,0.000000000
100000008172352100,100000002299948100,6750.000000000,1,0.000000000,0.000000000
100000008172352100,100000002558173100,9300.000000000,1,0.000000000,0.000000000
100000008172352100,100000002628146100,30500.000000000,2,0.000000000,0.000000000
100000008172352100,100000002691858100,51500.000000000,1,0.000000000,0.000000000
100000008172352100,100000007322059100,24000.000000000,1,13146.496815287,0.547770701
100000008188026100,100000001262647100,23650.000000000,1,-0.000000000,0.000000000
100000008188026100,100000002605184100,140000.000000000,1,34203.569099934,0.244311208
100000008188026100,100000002852402100,55000.000000000,1,-0.000000000,0.000000000
100000008188026100,100000004527381100,119333.170000000,1,29154.430900066,0.244311208
100000008192264100,100000008168850100,187910.000000000,2,0.000000000,0.000000000
100000008193258100,100000000608031100,30000.000000000,1,0.000000000,0.000000000
100000008193577100,100000000307908100,5000.000000000,1,0.000000000,0.000000000
100000008193577100,100000005456919100,216000.000000000,5,0.000000000,0.000000000
100000008193577100,100000008659445100,56190.000000000,4,21655.097305574,0.385390591
100000008193577100,100000008736940100,125990.000000000,5,78372.751065931,0.622055330
100000008193577100,100000008751429100,77000.000000000,1,24180.739414755,0.314035577
100000008213966100,100000000838385100,436900.000000000,8,46000.000000000,0.105287251
100000008223661100,100000002398779100,50007.000000000,1,0.000000000,0.000000000
100000008223661100,100000003404627100,154700.000000000,1,0.000000000,0.000000000
100000008223661100,100000003684369100,15846.000000000,1,0.000000000,0.000000000
100000008223661100,100000008165763100,33385.000000000,1,0.000000000,0.000000000
100000008223661100,100000008730846100,8642.000000000,1,0.000000000,0.000000000
100000008229700100,100000002974256100,7200.000000000,1,7200.000000000,1.000000000
100000008232832100,100000003404627100,138000.000000000,1,0.000000000,0.000000000
100000008254069100,100000003190207100,5000.000000000,1,0.000000000,0.000000000
100000008254069100,100000003809101100,20000.000000000,2,0.000000000,0.000000000
100000008254069100,100000005265073100,5000.000000000,1,0.000000000,0.000000000
100000008254069100,100000005382566100,58000.000000000,1,0.000000000,0.000000000
100000008254069100,100000005668605100,19500.000000000,1,0.000000000,0.000000000
100000008254576100,100000002242066100,60000.000000000,1,0.000000000,0.000000000
100000008258083100,100000000673868100,2030650.000000000,5,0.000000000,0.000000000
100000008258083100,100000001785161100,15000.000000000,1,0.032440401,0.000002163
100000008258458100,100000004035925100,1111588.000000000,2,0.000000000,0.000000000
100000008258458100,100000008619159100,446400.000000000,2,0.000000000,0.000000000
100000008293431100,100000000437046100,215000.000000000,2,0.000000000,0.000000000
100000008293431100,100000005665181100,13000.000000000,2,0.000000000,0.000000000
100000008293431100,100000008546855100,9000.000000000,1,0.000000000,0.000000000
100000008293431100,100000008583971100,40000.000000000,1,0.000000000,0.000000000
100000008293431100,100000008629504100,20000.000000000,1,0.000000000,0.000000000
100000008304139100,100000000332284100,18000.000000000,1,0.000000000,0.000000000
100000008304139100,100000000437046100,30000.000000000,1,0.000000000,0.000000000
100000008304139100,100000001114385100,29500.000000000,1,0.000000000,0.000000000
100000008304139100,100000001703168100,45000.000000000,1,0.000000000,0.000000000
100000008304139100,100000001857829100,52000.000000000,1,0.000000000,0.000000000
100000008304139100,100000002492277100,138500.000000000,1,0.000000000,0.000000000
100000008304139100,100000002741024100,26000.000000000,1,0.000000000,0.000000000
100000008304139100,100000003036198100,15000.000000000,1,0.000000000,0.000000000
100000008304139100,100000003166755100,24010.000000000,1,0.000000000,0.000000000
100000008304139100,100000003684369100,454000.000000000,10,0.000000000,0.000000000
100000008304139100,100000003747133100,60287.000000000,1,0.000000000,0.000000000
100000008304139100,100000004356593100,50000.000000000,1,15107.051282051,0.302141026
100000008304139100,100000004962193100,35000.000000000,1,0.000000000,0.000000000
100000008304139100,100000005782781100,38000.000000000,2,3927.833333333,0.103364035
100000008304139100,100000005834479100,7500.000000000,1,0.000000000,0.000000000
100000008304139100,100000005942793100,15000.000000000,1,4532.115384615,0.302141026
100000008304139100,100000006866783100,144000.000000000,6,0.000000000,0.000000000
100000008304139100,100000007629096100,118000.000000000,1,0.000000000,0.000000000
100000008304139100,100000008011159100,10000.000000000,1,0.000000000,0.000000000
100000008304139100,100000008324800100,70000.000000000,1,0.000000000,0.000000000
100000008304139100,100000008477350100,60000.000000000,2,0.000000000,0.000000000
100000008304139100,100000008587459100,49000.000000000,1,0.000000000,0.000000000
100000008304139100,100000008603629100,159000.000000000,4,0.000000000,0.000000000
100000008304139100,100000008733194100,45200.000000000,1,0.000000000,0.000000000
100000008314203100,100000001732159100,95000.000000000,2,95000.000000000,1.000000000
100000008314203100,100000008637537100,232000.000000000,11,232000.000000000,1.000000000
100000008324800100,100000007390016100,511000.000000000,13,0.000000000,0.000000000
100000008343874100,100000005878334100,76400.000000000,2,0.000000000,0.000000000
100000008343874100,100000008343415100,100000.000000000,3,0.000000000,0.000000000
100000008346837100,100000000343175100,10000.000000000,1,484.069738425,0.048406974
100000008346837100,100000000534581100,8988.000000000,1,635.602644738,0.070716805
100000008346837100,100000001236706100,26900.000000000,1,0.000000000,0.000000000
100000008346837100,100000002736316100,29289.000000000,1,1417.791856873,0.048406974
100000008346837100,100000002818726100,10879.000000000,1,-0.000000000,0.000000000
100000008346837100,100000002945031100,15000.000000000,1,0.000000000,0.000000000
100000008346837100,100000003050771100,229000.000000000,1,5619.631901840,0.024539877
100000008346837100,100000003724440100,25000.000000000,1,-0.000000000,0.000000000
100000008346837100,100000003843844100,16680.000000000,1,0.000000000,0.000000000
100000008346837100,100000004004621100,25361.000000000,1,0.000000000,0.000000000
100000008346837100,100000004340038100,9978.000000000,1,0.000000000,0.000000000
100000008346837100,100000004351795100,29511.000000000,1,0.000000000,0.000000000
100000008346837100,100000004877085100,25000.000000000,1,0.000000000,0.000000000
100000008346837100,100000005048668100,6500.000000000,1,354.957048449,0.054608777
100000008346837100,100000005053653100,33873.000000000,1,-0.000000000,0.000000000
100000008346837100,100000005074393100,329133.000000000,2,4464.267493956,0.013563719
100000008346837100,100000005709551100,24560.000000000,1,0.000000000,0.000000000
100000008346837100,100000005910114100,92009.000000000,1,6506.582525559,0.070716805
100000008346837100,100000006020215100,30000.000000000,1,-0.000000000,0.000000000
100000008346837100,100000006714366100,10500.000000000,1,257.668711656,0.024539877
100000008346837100,100000007593823100,5000.000000000,1,122.699386503,0.024539877
100000008346837100,100000008088082100,39138.000000000,1,0.000000000,0.000000000
100000008346837100,100000008571443100,40000.000000000,1,2828.672206223,0.070716805
100000008346837100,100000008620570100,65000.000000000,1,4596.592335112,0.070716805
100000008346837100,100000008733194100,121344.000000000,1,557.648338666,0.004595599
100000008349675100,100000002340562100,36650.000000000,2,36650.000000000,1.000000000
100000008379273100,100000001202787100,6000.000000000,1,0.000000000,0.000000000
100000008379273100,100000003010908100,17000.000000000,1,0.000000000,0.000000000
100000008379273100,100000004015047100,10000.000000000,1,0.000000000,0.000000000
100000008379273100,100000008346837100,5000.000000000,1,0.000000000,0.000000000
100000008389800100,100000002991079100,97200.000000000,2,0.000000000,0.000000000
100000008389800100,100000003321895100,24000.000000000,1,0.000000000,0.000000000
100000008389800100,100000004664905100,94400.000000000,1,0.000000000,0.000000000
100000008389800100,100000004948177100,48000.000000000,1,0.000000000,0.000000000
100000008389800100,100000005308954100,69020.000000000,1,0.000000000,0.000000000
100000008389800100,100000007511163100,49000.000000000,1,0.000000000,0.000000000
100000008389800100,100000008430691100,20000.000000000,1,0.000000000,0.000000000
100000008413748100,100000001689968100,96700.000000000,1,0.000000000,0.000000000
100000008413748100,100000002570206100,85812.600000000,1,0.000000000,0.000000000
100000008413748100,100000002713074100,450000.000000000,1,0.000000000,0.000000000
100000008413748100,100000002975287100,15000.000000000,1,0.000000000,0.000000000
100000008413748100,100000003060517100,315955.000000000,1,0.000000000,0.000000000
100000008413748100,100000003072676100,31545.000000000,1,0.000000000,0.000000000
100000008413748100,100000003986141100,5286.320000000,1,0.000000000,0.000000000
100000008413748100,100000004070318100,29521.550000000,2,0.000000000,0.000000000
100000008413748100,100000004071080100,5000.000000000,1,0.000000000,0.000000000
100000008413748100,100000005233755100,25000.000000000,1,0.000000000,0.000000000
100000008413748100,100000005830339100,94335.000000000,2,0.000000000,0.000000000
100000008413748100,100000006734214100,85000.000000000,2,0.000000000,0.000000000
100000008413748100,100000006967370100,33225.000000000,1,0.000000000,0.000000000
100000008413748100,100000007618425100,39348.000000000,1,0.000000000,0.000000000
100000008413748100,100000008011573100,15000.000000000,1,0.000000000,0.000000000
100000008413748100,100000008304139100,26091.750000000,1,0.000000000,0.000000000
100000008413748100,100000008560717100,15000.000000000,1,0.000000000,0.000000000
100000008413748100,100000008612257100,9500.000000000,1,0.000000000,0.000000000
100000008417359100,100000005530114100,90000.000000000,1,0.000000000,0.000000000
100000008417359100,100000008512552100,20760.000000000,2,0.000000000,0.000000000
100000008418835100,100000000343175100,31500.000000000,1,31500.000000000,1.000000000
100000008418835100,100000004156082100,27000.000000000,1,27000.000000000,1.000000000
100000008418835100,100000008701944100,52124.000000000,1,52124.000000000,1.000000000
100000008418835100,100000008730021100,75555.000000000,3,75555.000000000,1.000000000
100000008430691100,100000007330432100,584900.000000000,1,0.000000000,0.000000000
100000008430691100,100000008389800100,20000.000000000,1,0.000000000,0.000000000
100000008438656100,100000006523053100,5000.000000000,1,3437.500000000,0.687500000
100000008443341100,100000005904580100,19000.000000000,1,0.000000000,0.000000000
100000008443341100,100000008474308100,14000.000000000,2,9942.028985507,0.710144928
100000008443341100,100000008477350100,17000.000000000,1,12072.463768116,0.710144928
100000008460102100,100000001164648100,7260.000000000,1,0.000000000,0.000000000
100000008460102100,100000001299443100,8000.000000000,1,0.000000000,0.000000000
100000008460102100,100000001325618100,9300.000000000,1,0.000000000,0.000000000
100000008460102100,100000001590795100,5060.000000000,1,0.000000000,0.000000000
100000008460102100,100000001714883100,6900.000000000,1,0.000000000,0.000000000
100000008460102100,100000001991973100,20800.000000000,1,0.000000000,0.000000000
100000008460102100,100000002474570100,6750.000000000,1,0.000000000,0.000000000
100000008460102100,100000002512742100,6000.000000000,1,0.000000000,0.000000000
100000008460102100,100000002635746100,5300.000000000,1,0.000000000,0.000000000
100000008460102100,100000002645046100,12000.000000000,1,0.000000000,0.000000000
100000008460102100,100000002670463100,31500.000000000,1,0.000000000,0.000000000
100000008460102100,100000002706810100,45000.000000000,1,0.000000000,0.000000000
100000008460102100,100000002876914100,12000.000000000,1,0.000000000,0.000000000
100000008460102100,100000002878483100,6000.000000000,1,0.000000000,0.000000000
100000008460102100,100000002986245100,5750.000000000,1,0.000000000,0.000000000
100000008460102100,100000003005167100,7000.000000000,1,0.000000000,0.000000000
100000008460102100,100000004263867100,9000.000000000,1,0.000000000,0.000000000
100000008460102100,100000004268036100,5500.000000000,1,0.000000000,0.000000000
100000008460102100,100000004449824100,9000.000000000,1,0.000000000,0.000000000
100000008460102100,100000004780327100,12000.000000000,1,0.000000000,0.000000000
100000008460102100,100000004891562100,103400.000000000,1,0.000000000,0.000000000
100000008460102100,100000006412162100,15000.000000000,2,0.000000000,0.000000000
100000008460102100,100000006491963100,16000.000000000,3,0.000000000,0.000000000
100000008460102100,100000007998965100,15000.000000000,1,0.000000000,0.000000000
100000008460102100,100000008104567100,5500.000000000,1,0.000000000,0.000000000
100000008460102100,100000008554390100,14000.000000000,1,0.000000000,0.000000000
100000008460102100,100000008631800100,12850.000000000,1,0.000000000,0.000000000
100000008460102100,100000008648783100,5200.000000000,1,0.000000000,0.000000000
100000008460102100,100000008692291100,10000.000000000,1,0.000000000,0.000000000
100000008460102100,100000008715513100,32500.000000000,1,0.000000000,0.000000000
100000008460102100,100000008759795100,17000.000000000,1,0.000000000,0.000000000
100000008461532100,100000000408846100,40500.000000000,1,17.873048063,0.000441310
100000008461532100,100000000791285100,1120000.000000000,2,0.000000000,0.000000000
100000008461532100,100000001819396100,166080.000000000,1,73.292736353,0.000441310
100000008461532100,100000002691583100,285200.000000000,1,125.861563149,0.000441310
100000008461532100,100000003069463100,11500.000000000,1,5.075063030,0.000441310
100000008461532100,100000003122817100,444680.000000000,1,196.241654633,0.000441310
100000008461532100,100000006704530100,450500.000000000,1,198.810077836,0.000441310
100000008461532100,100000008751349100,11630.000000000,1,0.000000000,0.000000000
100000008465789100,100000001140785100,100000.000000000,1,0.000000000,0.000000000
100000008465789100,100000001674850100,190000.000000000,1,0.000000000,0.000000000
100000008465789100,100000002343825100,150000.000000000,1,0.000000000,0.000000000
100000008465789100,100000002547110100,342000.000000000,2,0.000000000,0.000000000
100000008465789100,100000002773323100,90000.000000000,1,0.000000000,0.000000000
100000008465789100,100000002878467100,100000.000000000,1,0.000000000,0.000000000
100000008465789100,100000003111305100,100500.000000000,1,0.000000000,0.000000000
100000008465789100,100000003134550100,100000.000000000,1,0.000000000,0.000000000
100000008465789100,100000003252446100,108600.000000000,1,0.000000000,0.000000000
100000008465789100,100000003589877100,150000.000000000,1,0.000000000,0.000000000
100000008465789100,100000004997515100,100000.000000000,1,0.000000000,0.000000000
100000008465789100,100000005667841100,100000.000000000,1,0.000000000,0.000000000
100000008465789100,100000008223661100,102000.000000000,1,0.000000000,0.000000000
100000008465789100,100000008466579100,30000.000000000,1,0.000000000,0.000000000
100000008465789100,100000008547948100,20000.000000000,1,0.000000000,0.000000000
100000008465789100,100000008703533100,75000.000000000,1,0.000000000,0.000000000
100000008466579100,100000001253557100,80000.000000000,1,0.000000000,0.000000000
100000008466579100,100000002343825100,75000.000000000,1,0.000000000,0.000000000
100000008466579100,100000002529880100,120000.000000000,1,0.000000000,0.000000000
100000008466579100,100000002547110100,305000.000000000,2,0.000000000,0.000000000
100000008466579100,100000002677201100,150000.000000000,1,0.000000000,0.000000000
100000008466579100,100000002718366100,115000.000000000,1,0.000000000,0.000000000
100000008466579100,100000002878467100,100000.000000000,1,0.000000000,0.000000000
100000008466579100,100000002894076100,155000.000000000,1,0.000000000,0.000000000
100000008466579100,100000003016438100,200000.000000000,1,0.000000000,0.000000000
100000008466579100,100000005473151100,100000.000000000,1,0.000000000,0.000000000
100000008466579100,100000005667841100,86000.000000000,1,0.000000000,0.000000000
100000008466579100,100000006111442100,64000.000000000,1,0.000000000,0.000000000
100000008466579100,100000008223661100,100000.000000000,1,0.000000000,0.000000000
100000008466579100,100000008489922100,123000.000000000,3,6031.191186773,0.049034075
100000008466579100,100000008517538100,50000.000000000,1,0.000000000,0.000000000
100000008466579100,100000008547948100,35000.000000000,1,0.000000000,0.000000000
100000008466579100,100000008692291100,75000.000000000,1,0.000000000,0.000000000
100000008474308100,100000008443341100,10000.000000000,1,0.000000000,0.000000000
100000008477350100,100000000555721100,18000.000000000,1,0.000000000,0.000000000
100000008477350100,100000000661912100,70633.000000000,1,0.000000000,0.000000000
100000008477350100,100000000942301100,57580.000000000,2,0.000000000,0.000000000
100000008477350100,100000001066017100,39123.000000000,2,0.000000000,0.000000000
100000008477350100,100000001110358100,23000.000000000,1,3066.470973757,0.133324825
100000008477350100,100000001126374100,16000.000000000,1,0.000000000,0.000000000
100000008477350100,100000001330685100,233968.000000000,1,0.000000000,0.000000000
100000008477350100,100000002603769100,276400.000000000,1,0.000000000,0.000000000
100000008477350100,100000002697752100,90465.000000000,1,0.000000000,0.000000000
100000008477350100,100000002901457100,340000.000000000,1,0.000000000,0.000000000
100000008477350100,100000003366471100,136265.000000000,2,0.000000000,0.000000000
100000008477350100,100000003635660100,18985.000000000,1,0.000000000,0.000000000
100000008477350100,100000003736419100,23300.000000000,1,192.533727621,0.008263250
100000008477350100,100000003834495100,200000.000000000,1,0.000000000,0.000000000
100000008477350100,100000003968044100,40000.000000000,1,0.000000000,0.000000000
100000008477350100,100000004071080100,23000.000000000,2,0.000000000,0.000000000
100000008477350100,100000004097972100,118878.000000000,1,0.000000000,0.000000000
100000008477350100,100000004299488100,192000.000000000,2,0.000000000,0.000000000
100000008477350100,100000004759121100,55000.000000000,1,0.000000000,0.000000000
100000008477350100,100000004917367100,20000.000000000,1,0.000000000,0.000000000
100000008477350100,100000004931931100,23938.000000000,1,0.000000000,0.000000000
100000008477350100,100000005317181100,141250.000000000,1,18832.131523615,0.133324825
100000008477350100,100000005367284100,13700.000000000,1,0.000000000,0.000000000
100000008477350100,100000005610717100,156400.000000000,1,0.000000000,0.000000000
100000008477350100,100000005830339100,49780.000000000,1,0.000000000,0.000000000
100000008477350100,100000005844459100,93400.000000000,1,0.000000000,0.000000000
100000008477350100,100000005857058100,39212.000000000,1,0.000000000,0.000000000
100000008477350100,100000005910114100,140967.000000000,1,0.000000000,0.000000000
100000008477350100,100000006048193100,41559.000000000,1,343.412411425,0.008263250
100000008477350100,100000007484343100,10057.000000000,1,0.000000000,0.000000000
100000008477350100,100000007593823100,10000.000000000,1,0.000000000,0.000000000
100000008477350100,100000007639767100,16305.000000000,1,2173.861270744,0.133324825
100000008477350100,100000007864477100,70000.000000000,1,0.000000000,0.000000000
100000008477350100,100000008086440100,199733.000000000,1,0.000000000,0.000000000
100000008477350100,100000008297199100,42268.000000000,1,0.000000000,0.000000000
100000008477350100,100000008459449100,53700.000000000,1,0.000000000,0.000000000
100000008477350100,100000008560717100,30000.000000000,1,0.000000000,0.000000000
100000008477350100,100000008599354100,177000.000000000,1,0.000000000,0.000000000
100000008477350100,100000008739887100,73000.000000000,1,603.217258212,0.008263250
100000008486520100,100000006161893100,14000.000000000,1,0.000000000,0.000000000
100000008489922100,100000001299323100,109000.000000000,1,0.000000000,0.000000000
100000008489922100,100000001884825100,150000.000000000,1,0.000000000,0.000000000
100000008489922100,100000002343825100,125000.000000000,2,0.000000000,0.000000000
100000008489922100,100000002547110100,140000.000000000,1,0.000000000,0.000000000
100000008489922100,100000002835874100,58700.000000000,1,0.000000000,0.000000000
100000008489922100,100000002921047100,163000.000000000,1,0.000000000,0.000000000
100000008489922100,100000002945626100,170000.000000000,1,6275.060403736,0.036912120
100000008489922100,100000003037476100,370000.000000000,1,0.000000000,0.000000000
100000008489922100,100000003074515100,105000.000000000,1,0.000000000,0.000000000
100000008489922100,100000003111305100,144000.000000000,1,0.000000000,0.000000000
100000008489922100,100000003157679100,245000.000000000,1,0.000000000,0.000000000
100000008489922100,100000003158727100,81500.000000000,1,0.000000000,0.000000000
100000008489922100,100000003171006100,305000.000000000,1,0.000000000,0.000000000
100000008489922100,100000003180820100,101000.000000000,1,0.000000000,0.000000000
100000008489922100,100000003230329100,110000.000000000,1,924.702304926,0.008406385
100000008489922100,100000003286537100,78000.000000000,1,0.000000000,0.000000000
100000008489922100,100000004526651100,33000.000000000,1,0.000000000,0.000000000
100000008489922100,100000004997515100,125000.000000000,1,0.000000000,0.000000000
100000008489922100,100000005783452100,86500.000000000,1,0.000000000,0.000000000
100000008489922100,100000005888829100,197000.000000000,1,0.000000000,0.000000000
100000008489922100,100000007034089100,8000.000000000,1,0.000000000,0.000000000
100000008489922100,100000007357489100,49500.000000000,1,0.000000000,0.000000000
100000008489922100,100000008517538100,70500.000000000,4,0.000000000,0.000000000
100000008489922100,100000008536546100,50000.000000000,1,0.000000000,0.000000000
100000008489922100,100000008547948100,30000.000000000,1,0.000000000,0.000000000
100000008489922100,100000008708207100,300000.000000000,1,0.000000000,0.000000000
100000008489922100,100000008710791100,12000.000000000,1,0.000000000,0.000000000
100000008489922100,100000008710843100,18200.000000000,2,0.000000000,0.000000000
100000008489922100,100000008740295100,300000.000000000,1,0.000000000,0.000000000
100000008489922100,100000008758106100,10000.000000000,1,0.000000000,0.000000000
100000008489922100,100000008758168100,10000.000000000,1,0.000000000,0.000000000
100000008489922100,100000008758607100,5000.000000000,1,0.000000000,0.000000000
100000008489922100,100000008761132100,10000.000000000,1,0.000000000,0.000000000
100000008489922100,100000008761220100,10000.000000000,1,0.000000000,0.000000000
100000008489922100,100000008766764100,5000.000000000,1,0.000000000,0.000000000
100000008489922100,100000008775747100,5000.000000000,1,0.000000000,0.000000000
100000008490127100,100000002487222100,90000.000000000,2,0.000000000,0.000000000
100000008490127100,100000002981489100,10000.000000000,1,0.000000000,0.000000000
100000008490127100,100000005049404100,98000.000000000,2,0.000000000,0.000000000
100000008490127100,100000005616568100,530000.000000000,1,0.000000000,0.000000000
100000008490127100,100000008050986100,95000.000000000,2,0.000000000,0.000000000
100000008490127100,100000008560263100,100000.000000000,1,0.000000000,0.000000000
100000008493007100,100000005685783100,26150.000000000,1,0.000000000,0.000000000
100000008501413100,100000005910895100,5100.000000000,1,1082.251082251,0.212206095
100000008512552100,100000001677389100,11000.000000000,1,0.000000000,0.000000000
100000008512552100,100000002736033100,34530.000000000,1,0.000000000,0.000000000
100000008512552100,100000003178549100,210000.000000000,1,0.000000000,0.000000000
100000008512552100,100000003242289100,468791.000000000,6,0.000000000,0.000000000
100000008512552100,100000003964910100,549000.000000000,1,0.000000000,0.000000000
100000008512552100,100000008436257100,28954.000000000,1,0.000000000,0.000000000
100000008512827100,100000001282143100,20000.000000000,1,0.000000000,0.000000000
100000008512827100,100000001538095100,180000.000000000,1,0.000000000,0.000000000
100000008512827100,100000002173161100,290000.000000000,1,0.000000000,0.000000000
100000008512827100,100000002369874100,140000.000000000,1,0.000000000,0.000000000
100000008512827100,100000002559089100,650000.000000000,1,0.000000000,0.000000000
100000008512827100,100000002712416100,101500.000000000,1,0.000000000,0.000000000
100000008512827100,100000002849158100,93000.000000000,1,0.000000000,0.000000000
100000008512827100,100000002956769100,340000.000000000,1,0.000000000,0.000000000
100000008512827100,100000004671609100,100000.000000000,1,0.000000000,0.000000000
100000008512827100,100000008761219100,30000.000000000,1,0.000000000,0.000000000
100000008514970100,100000004797167100,31000.000000000,1,0.000000000,0.000000000
100000008517538100,100000001538095100,100000.000000000,1,0.000000000,0.000000000
100000008517538100,100000001822650100,112000.000000000,1,0.000000000,0.000000000
100000008517538100,100000001884825100,95000.000000000,1,0.000000000,0.000000000
100000008517538100,100000002121357100,107000.000000000,1,0.000000000,0.000000000
100000008517538100,100000002369874100,35000.000000000,1,0.000000000,0.000000000
100000008517538100,100000002718366100,120000.000000000,2,0.000000000,0.000000000
100000008517538100,100000002956769100,60000.000000000,1,0.000000000,0.000000000
100000008517538100,100000003037476100,95000.000000000,1,0.000000000,0.000000000
100000008517538100,100000003072205100,100000.000000000,1,0.000000000,0.000000000
100000008517538100,100000003157679100,66000.000000000,1,0.000000000,0.000000000
100000008517538100,100000003831324100,100000.000000000,1,0.000000000,0.000000000
100000008517538100,100000007034089100,190000.000000000,1,0.000000000,0.000000000
100000008517538100,100000007357489100,115000.000000000,1,0.000000000,0.000000000
100000008517538100,100000008512827100,10000.000000000,1,0.000000000,0.000000000
100000008517538100,100000008710791100,115000.000000000,1,0.000000000,0.000000000
100000008517538100,100000008710913100,14000.000000000,1,0.000000000,0.000000000
100000008517538100,100000008766031100,5000.000000000,1,0.000000000,0.000000000
100000008522127100,100000002781227100,145000.000000000,3,145000.000000000,1.000000000
100000008531133100,100000002705460100,95000.000000000,1,0.000000000,0.000000000
100000008531133100,100000004408683100,31771.680000000,1,0.000000000,0.000000000
100000008531133100,100000005857058100,31500.000000000,1,0.000000000,0.000000000
100000008545727100,100000001169666100,220000.000000000,2,0.000000000,0.000000000
100000008545727100,100000001650895100,153500.000000000,1,0.000000000,0.000000000
100000008545727100,100000001927599100,130000.000000000,1,0.000000000,0.000000000
100000008545727100,100000005473151100,1060000.000000000,1,0.000000000,0.000000000
100000008545727100,100000008571243100,134000.000000000,1,0.000000000,0.000000000
100000008545727100,100000008714412100,169000.000000000,1,0.000000000,0.000000000
100000008546855100,100000007689942100,5000.000000000,1,9.405048876,0.001881010
100000008546855100,100000008582730100,5000.000000000,1,10.166098307,0.002033220
100000008547844100,100000001140785100,115000.000000000,1,0.000000000,0.000000000
100000008547844100,100000001875239100,92000.000000000,1,0.000000000,0.000000000
100000008547844100,100000002121357100,148300.000000000,1,0.000000000,0.000000000
100000008547844100,100000002547110100,215000.000000000,2,0.000000000,0.000000000
100000008547844100,100000002632742100,135500.000000000,1,0.000000000,0.000000000
100000008547844100,100000002712416100,15300.000000000,1,0.000000000,0.000000000
100000008547844100,100000002773323100,195000.000000000,1,0.000000000,0.000000000
100000008547844100,100000002877262100,100000.000000000,1,0.000000000,0.000000000
100000008547844100,100000002943472100,170000.000000000,1,0.000000000,0.000000000
100000008547844100,100000003089553100,150000.000000000,1,0.000000000,0.000000000
100000008547844100,100000003157679100,80000.000000000,1,0.000000000,0.000000000
100000008547844100,100000006532229100,105000.000000000,1,0.000000000,0.000000000
100000008547844100,100000008465789100,30099.000000000,1,0.000000000,0.000000000
100000008547844100,100000008547948100,61000.000000000,2,0.000000000,0.000000000
100000008547844100,100000008634520100,90000.000000000,1,0.000000000,0.000000000
100000008547844100,100000008659950100,246000.000000000,1,0.000000000,0.000000000
100000008547844100,100000008743913100,64000.000000000,1,0.000000000,0.000000000
100000008547844100,100000008746449100,10000.000000000,1,0.000000000,0.000000000
100000008547844100,100000008761219100,20000.000000000,1,0.000000000,0.000000000
100000008547948100,100000001534244100,190000.000000000,1,0.000000000,0.000000000
100000008547948100,100000001674850100,47000.000000000,1,0.000000000,0.000000000
100000008547948100,100000001733687100,300000.000000000,1,0.000000000,0.000000000
100000008547948100,100000001875239100,175000.000000000,1,4873.335844450,0.027847633
100000008547948100,100000001884825100,250000.000000000,1,0.000000000,0.000000000
100000008547948100,100000002369874100,160000.000000000,1,0.000000000,0.000000000
100000008547948100,100000002529880100,27000.000000000,1,0.000000000,0.000000000
100000008547948100,100000002547110100,224000.000000000,2,0.000000000,0.000000000
100000008547948100,100000002548759100,195000.000000000,1,0.000000000,0.000000000
100000008547948100,100000002718366100,959000.000000000,3,0.000000000,0.000000000
100000008547948100,100000002793881100,155600.000000000,1,0.000000000,0.000000000
100000008547948100,100000002815005100,476500.000000000,1,0.000000000,0.000000000
100000008547948100,100000002849158100,245000.000000000,1,0.000000000,0.000000000
100000008547948100,100000002958139100,209500.000000000,2,487.333584445,0.002326175
100000008547948100,100000003031633100,414000.000000000,2,0.000000000,0.000000000
100000008547948100,100000003071930100,200000.000000000,1,0.000000000,0.000000000
100000008547948100,100000003097324100,54000.000000000,1,0.000000000,0.000000000
100000008547948100,100000003158727100,110000.000000000,1,-0.000000000,0.000000000
100000008547948100,100000003286537100,75000.000000000,1,0.000000000,0.000000000
100000008547948100,100000008070101100,100000.000000000,1,0.000000000,0.000000000
100000008547948100,100000008489922100,87000.000000000,1,0.000000000,0.000000000
100000008547948100,100000008547844100,100000.000000000,1,0.000000000,0.000000000
100000008547948100,100000008692291100,75000.000000000,1,0.000000000,0.000000000
100000008547948100,100000008742053100,10000.000000000,1,-0.000000000,0.000000000
100000008547948100,100000008743913100,9000.000000000,1,250.628700572,0.027847633
100000008547948100,100000008751380100,338000.000000000,1,0.000000000,0.000000000
100000008555918100,100000005849100100,33300.000000000,1,0.000000000,0.000000000
100000008555918100,100000006557763100,10000.000000000,1,0.000000000,0.000000000
100000008560717100,100000005809252100,25000.000000000,1,2126.654064272,0.085066163
100000008561016100,100000001724740100,185000.000000000,4,0.000000000,0.000000000
100000008571433100,100000004135268100,1064000.000000000,2,1064000.000000000,1.000000000
100000008571433100,100000007507343100,370000.000000000,1,370000.000000000,1.000000000
100000008575624100,100000004094958100,39000.000000000,1,39000.000000000,1.000000000
100000008575624100,100000005363908100,19500.000000000,1,19500.000000000,1.000000000
100000008575624100,100000005546031100,31000.000000000,3,31000.000000000,1.000000000
100000008579978100,100000002119762100,77000.000000000,6,0.000000000,0.000000000
100000008582730100,100000008546855100,5000.000000000,1,0.000000000,0.000000000
100000008583360100,100000008136608100,170000.000000000,1,0.000000000,0.000000000
100000008587459100,100000004962193100,591000.000000000,3,0.000000000,0.000000000
100000008587459100,100000006866783100,95500.000000000,1,0.000000000,0.000000000
100000008595687100,100000003016635100,10400.000000000,1,0.000000000,0.000000000
100000008599354100,100000004217419100,38200.000000000,2,0.000000000,0.000000000
100000008601794100,100000001872484100,871400.000000000,13,871400.000000000,1.000000000
100000008603331100,100000001046057100,83420.000000000,1,0.000000000,0.000000000
100000008603331100,100000001379511100,55000.000000000,1,0.000000000,0.000000000
100000008603331100,100000002032323100,300000.000000000,1,0.000000000,0.000000000
100000008603331100,100000002547110100,274000.000000000,1,0.000000000,0.000000000
100000008603331100,100000002646887100,24354.000000000,1,0.000000000,0.000000000
100000008603331100,100000004715209100,5000.000000000,1,0.000000000,0.000000000
100000008603629100,100000000011452100,20000.000000000,1,60.627398615,0.003031370
100000008603629100,100000000288317100,50000.000000000,1,0.000000000,0.000000000
100000008603629100,100000000534581100,46972.000000000,1,142.389508388,0.003031370
100000008603629100,100000000661912100,101224.000000000,2,143.498966602,0.001417638
100000008603629100,100000000764836100,251716.000000000,1,174.151170669,0.000691856
100000008603629100,100000000795374100,50000.000000000,1,-0.000000000,0.000000000
100000008603629100,100000001138283100,81805.000000000,1,1344.777284831,0.016438815
100000008603629100,100000001373265100,142482.000000000,1,0.000000000,0.000000000
100000008603629100,100000001609499100,55656.000000000,1,0.000000000,0.000000000
100000008603629100,100000001660397100,29300.000000000,1,0.000000000,0.000000000
100000008603629100,100000001853812100,70000.000000000,1,1668.209945450,0.023831571
100000008603629100,100000001857829100,408000.000000000,2,0.000000000,0.000000000
100000008603629100,100000002232266100,45000.000000000,1,2.209336585,0.000049096
100000008603629100,100000002681544100,35107.000000000,1,-0.000000000,0.000000000
100000008603629100,100000002697752100,100320.000000000,1,2390.783167536,0.023831571
100000008603629100,100000002704875100,112676.000000000,2,423.743026171,0.003760721
100000008603629100,100000002723538100,70647.000000000,1,-0.000000000,0.000000000
100000008603629100,100000002736316100,47942.000000000,1,33.168950024,0.000691856
100000008603629100,100000002936322100,187167.000000000,1,0.000000000,0.000000000
100000008603629100,100000003073635100,129231.000000000,1,391.746967523,0.003031370
100000008603629100,100000003134934100,93569.000000000,1,0.000000000,0.000000000
100000008603629100,100000003152964100,141847.000000000,1,429.990730569,0.003031370
100000008603629100,100000003178549100,40000.000000000,1,-0.000000000,0.000000000
100000008603629100,100000003215448100,91309.000000000,1,-0.000000000,0.000000000
100000008603629100,100000003271151100,127294.000000000,1,2092.562553576,0.016438815
100000008603629100,100000003366471100,193524.000000000,3,17189.213601970,0.088822129
100000008603629100,100000003528285100,20000.000000000,1,-0.000000000,0.000000000
100000008603629100,100000003561031100,13300.000000000,1,-0.000000000,0.000000000
100000008603629100,100000003582677100,21652.000000000,1,1.063034572,0.000049096
100000008603629100,100000003711830100,50000.000000000,1,0.000000000,0.000000000
100000008603629100,100000004071080100,20000.000000000,1,3178.810247704,0.158940512
100000008603629100,100000004217419100,80000.000000000,1,0.000000000,0.000000000
100000008603629100,100000004336228100,51407.000000000,2,-0.000000000,0.000000000
100000008603629100,100000004351795100,22418.000000000,1,107.231994443,0.004783299
100000008603629100,100000004420041100,69638.000000000,1,0.000000000,0.000000000
100000008603629100,100000004488265100,38740.000000000,1,636.839704350,0.016438815
100000008603629100,100000004679953100,163767.000000000,1,-0.000000000,0.000000000
100000008603629100,100000004847758100,25612.000000000,1,17.719810354,0.000691856
100000008603629100,100000004975919100,22351.000000000,1,-0.000000000,0.000000000
100000008603629100,100000004984689100,53030.000000000,1,0.000000000,0.000000000
100000008603629100,100000005140601100,25000.000000000,1,-0.000000000,0.000000000
100000008603629100,100000005357705100,52595.000000000,1,-0.000000000,0.000000000
100000008603629100,100000005830339100,144605.000000000,5,529.002385825,0.003658258
100000008603629100,100000006641671100,13000.000000000,1,-0.000000000,0.000000000
100000008603629100,100000006734214100,60000.000000000,1,0.000000000,0.000000000
100000008603629100,100000006788200100,63018.000000000,1,301.433929245,0.004783299
100000008603629100,100000007055802100,40000.000000000,1,-0.000000000,0.000000000
100000008603629100,100000007197866100,20000.000000000,1,-0.000000000,0.000000000
100000008603629100,100000007442518100,134000.000000000,2,6.578913386,0.000049096
100000008603629100,100000007639767100,23722.000000000,1,-0.000000000,0.000000000
100000008603629100,100000008029279100,17000.000000000,1,405.136701038,0.023831571
100000008603629100,100000008077552100,214000.000000000,1,0.000000000,0.000000000
100000008603629100,100000008279405100,234738.000000000,2,0.000000000,0.000000000
100000008603629100,100000008473765100,30000.000000000,1,4768.215371557,0.158940512
100000008603629100,100000008503177100,33951.000000000,1,0.000000000,0.000000000
100000008603629100,100000008560717100,45000.000000000,1,0.000000000,0.000000000
100000008603629100,100000008686313100,75693.000000000,1,1244.303245776,0.016438815
100000008603629100,100000008721637100,24041.000000000,1,-0.000000000,0.000000000
100000008603629100,100000008729597100,83090.000000000,1,1365.901162479,0.016438815
100000008603629100,100000008732488100,137000.000000000,1,-0.000000000,0.000000000
100000008603629100,100000008739887100,141000.000000000,2,-0.000000000,0.000000000
100000008619857100,100000000332284100,8000.000000000,1,0.000000000,0.000000000
100000008619857100,100000002398779100,5000.000000000,1,0.000000000,0.000000000
100000008620570100,100000002718366100,21800.000000000,1,0.000000000,0.000000000
100000008620570100,100000004981068100,10000.000000000,1,707.168051556,0.070716805
100000008625905100,100000001065234100,360000.000000000,1,0.000000000,0.000000000
100000008625905100,100000002194320100,275000.000000000,1,0.000000000,0.000000000
100000008628231100,100000004666651100,429250.000000000,1,0.000000000,0.000000000
100000008628231100,100000005664632100,198620.000000000,18,50000.000000000,0.251736985
100000008632060100,100000000437046100,67500.000000000,2,0.000000000,0.000000000
100000008632060100,100000001633685100,12000.000000000,1,0.000000000,0.000000000
100000008632060100,100000001857829100,20500.000000000,1,0.000000000,0.000000000
100000008632060100,100000003747133100,45600.000000000,1,0.000000000,0.000000000
100000008632060100,100000004400305100,40000.000000000,2,0.000000000,0.000000000
100000008632060100,100000004486525100,23000.000000000,1,0.000000000,0.000000000
100000008632060100,100000006866783100,20000.000000000,1,0.000000000,0.000000000
100000008632060100,100000008603629100,50000.000000000,1,0.000000000,0.000000000
100000008632060100,100000008730846100,60600.000000000,2,0.000000000,0.000000000
100000008633099100,100000008677368100,13500.000000000,1,0.000000000,0.000000000
100000008636603100,100000000343175100,12875.000000000,1,0.000000000,0.000000000
100000008636603100,100000000667713100,12750.000000000,1,0.000000000,0.000000000
100000008636603100,100000003016635100,43200.000000000,2,0.000000000,0.000000000
100000008636603100,100000003265158100,46800.000000000,1,0.000000000,0.000000000
100000008636603100,100000005454368100,19000.000000000,1,0.000000000,0.000000000
100000008636603100,100000006122699100,24750.000000000,1,0.000000000,0.000000000
100000008637537100,100000001732159100,2283100.000000000,28,2283100.000000000,1.000000000
100000008637537100,100000005940652100,8395.000000000,1,8395.000000000,1.000000000
100000008637537100,100000008314203100,60000.000000000,1,60000.000000000,1.000000000
100000008647905100,100000002769809100,113422.000000000,1,0.000000000,0.000000000
100000008647905100,100000008676812100,230800.000000000,1,0.000000000,0.000000000
100000008650785100,100000000817146100,70020.000000000,1,70020.000000000,1.000000000
100000008650785100,100000005519347100,50100.000000000,1,50100.000000000,1.000000000
100000008654653100,100000004019124100,54000.000000000,1,54000.000000000,1.000000000
100000008655779100,100000004377043100,5700.000000000,1,0.000000000,0.000000000
100000008655779100,100000008213966100,19004.000000000,1,0.000000000,0.000000000
100000008659445100,100000005456919100,263950.000000000,5,263950.000000000,1.000000000
100000008659445100,100000008193577100,87000.000000000,4,87000.000000000,1.000000000
100000008659445100,100000008736940100,252500.000000000,6,252500.000000000,1.000000000
100000008659445100,100000008751429100,271700.000000000,3,271700.000000000,1.000000000
100000008665380100,100000000795033100,18200.000000000,1,0.000000000,0.000000000
100000008680731100,100000000922570100,47101.000000000,1,47101.000000000,1.000000000
100000008680731100,100000001074553100,13971.000000000,1,13971.000000000,1.000000000
100000008680731100,100000001253557100,30000.000000000,1,30000.000000000,1.000000000
100000008680731100,100000002589019100,34710.000000000,1,34710.000000000,1.000000000
100000008680731100,100000002603478100,23500.000000000,1,23500.000000000,1.000000000
100000008680731100,100000002671806100,12440.000000000,1,12440.000000000,1.000000000
100000008680731100,100000002679516100,29785.000000000,1,29785.000000000,1.000000000
100000008680731100,100000002692044100,97000.000000000,1,97000.000000000,1.000000000
100000008680731100,100000002748180100,9900.000000000,1,9900.000000000,1.000000000
100000008680731100,100000002757797100,100000.000000000,1,100000.000000000,1.000000000
100000008680731100,100000002762076100,50900.000000000,1,50900.000000000,1.000000000
100000008680731100,100000002864680100,55932.000000000,1,55932.000000000,1.000000000
100000008680731100,100000002881669100,18600.000000000,1,18600.000000000,1.000000000
100000008680731100,100000002973903100,42680.000000000,1,42680.000000000,1.000000000
100000008680731100,100000003123296100,86200.000000000,2,86200.000000000,1.000000000
100000008680731100,100000003239379100,92500.000000000,1,92500.000000000,1.000000000
100000008680731100,100000003239859100,18600.000000000,1,18600.000000000,1.000000000
100000008680731100,100000003265158100,80700.000000000,1,80700.000000000,1.000000000
100000008680731100,100000003970394100,85000.000000000,1,85000.000000000,1.000000000
100000008680731100,100000004286573100,16590.000000000,1,16590.000000000,1.000000000
100000008680731100,100000004662806100,97580.000000000,1,97580.000000000,1.000000000
100000008680731100,100000004692798100,190305.000000000,1,190305.000000000,1.000000000
100000008680731100,100000006008169100,70000.000000000,1,70000.000000000,1.000000000
100000008680731100,100000008002020100,73860.000000000,1,73860.000000000,1.000000000
100000008680731100,100000008229700100,23500.000000000,1,23500.000000000,1.000000000
100000008680731100,100000008304115100,51000.000000000,1,51000.000000000,1.000000000
100000008680731100,100000008586731100,12000.000000000,1,12000.000000000,1.000000000
100000008680912100,100000002741024100,5990.850000000,1,0.000000000,0.000000000
100000008686247100,100000005664922100,5000.000000000,1,0.000000000,0.000000000
100000008686313100,100000000437046100,29200.000000000,1,4453.993717248,0.152534031
100000008686313100,100000000646541100,10300.000000000,2,279.745406853,0.027159748
100000008686313100,100000002826669100,159900.000000000,4,152752.040322581,0.955297313
100000008686313100,100000006866783100,48100.000000000,2,28388.959677419,0.590207062
100000008686313100,100000008477350100,25800.000000000,1,1139.163397257,0.044153620
100000008686313100,100000008546855100,5000.000000000,1,135.798741191,0.027159748
100000008686313100,100000008603629100,55500.000000000,2,1833.852055795,0.033042379
100000008692291100,100000004418967100,100000.000000000,1,0.000000000,0.000000000
100000008692291100,100000004908173100,21000.000000000,1,0.000000000,0.000000000
100000008692291100,100000005723580100,35000.000000000,1,0.000000000,0.000000000
100000008710791100,100000001275752100,151500.000000000,1,0.000000000,0.000000000
100000008710791100,100000001282143100,440000.000000000,1,-0.000000000,0.000000000
100000008710791100,100000001285440100,65000.000000000,1,0.000000000,0.000000000
100000008710791100,100000001303311100,250000.000000000,1,0.000000000,0.000000000
100000008710791100,100000001875239100,445000.000000000,1,0.000000000,0.000000000
100000008710791100,100000002173161100,268000.000000000,1,0.000000000,0.000000000
100000008710791100,100000002369874100,265000.000000000,1,-0.000000000,0.000000000
100000008710791100,100000002530224100,113000.000000000,1,0.000000000,0.000000000
100000008710791100,100000002548759100,180000.000000000,1,6070.013738321,0.033722299
100000008710791100,100000002621434100,81000.000000000,1,0.000000000,0.000000000
100000008710791100,100000002718366100,890000.000000000,2,16186.703302190,0.018187307
100000008710791100,100000002793881100,340000.000000000,1,0.000000000,0.000000000
100000008710791100,100000002849158100,385000.000000000,1,0.000000000,0.000000000
100000008710791100,100000002883402100,150000.000000000,1,0.000000000,0.000000000
100000008710791100,100000002945626100,330000.000000000,1,-0.000000000,0.000000000
100000008710791100,100000002954780100,133400.000000000,1,-0.000000000,0.000000000
100000008710791100,100000003031003100,80000.000000000,1,0.000000000,0.000000000
100000008710791100,100000003071649100,189500.000000000,1,0.000000000,0.000000000
100000008710791100,100000003147719100,100000.000000000,1,-0.000000000,0.000000000
100000008710791100,100000003171006100,180000.000000000,1,0.000000000,0.000000000
100000008710791100,100000007229557100,205000.000000000,1,6913.071201977,0.033722299
100000008710791100,100000008561016100,180000.000000000,2,0.000000000,0.000000000
100000008710791100,100000008724461100,100111.000000000,1,0.000000000,0.000000000
100000008710843100,100000001282143100,160000.000000000,1,0.000000000,0.000000000
100000008710843100,100000001887715100,245500.000000000,1,0.000000000,0.000000000
100000008710843100,100000002632742100,100000.000000000,1,0.000000000,0.000000000
100000008710843100,100000002894076100,146000.000000000,1,0.000000000,0.000000000
100000008710843100,100000003292191100,112000.000000000,1,0.000000000,0.000000000
100000008710843100,100000007229557100,173000.000000000,1,0.000000000,0.000000000
100000008710843100,100000008468762100,140000.000000000,1,0.000000000,0.000000000
100000008710843100,100000008517538100,35000.000000000,1,0.000000000,0.000000000
100000008710843100,100000008536546100,200000.000000000,1,0.000000000,0.000000000
100000008710843100,100000008547844100,69000.000000000,1,0.000000000,0.000000000
100000008710843100,100000008738526100,15000.000000000,1,5623.936525147,0.374929102
100000008710843100,100000008752616100,10000.000000000,1,278.947251647,0.027894725
100000008710843100,100000008775471100,580000.000000000,2,0.000000000,0.000000000
100000008713270100,100000004491749100,50000.000000000,1,0.000000000,0.000000000
100000008713270100,100000005100475100,40000.000000000,1,0.000000000,0.000000000
100000008713270100,100000008596924100,100000.000000000,1,0.000000000,0.000000000
100000008720856100,100000007539296100,46000.000000000,2,0.000000000,0.000000000
100000008721637100,100000001616816100,12000.000000000,1,-0.000000000,0.000000000
100000008721637100,100000004015047100,115000.000000000,1,0.000000000,0.000000000
100000008722417100,100000003199390100,260000.000000000,1,0.000000000,0.000000000
100000008722417100,100000004235471100,180000.000000000,1,0.000000000,0.000000000
100000008722417100,100000008722541100,280000.000000000,4,0.000000000,0.000000000
100000008723830100,100000005614315100,455000.000000000,1,454000.000000000,0.997802198
100000008724461100,100000001246806100,130000.000000000,1,0.000000000,0.000000000
100000008730846100,100000000976943100,70000.000000000,1,0.000000000,0.000000000
100000008730846100,100000003115284100,185000.000000000,2,0.000000000,0.000000000
100000008730846100,100000005475379100,108370.000000000,1,1572.285068591,0.014508490
100000008731444100,100000000288317100,50000.000000000,1,0.000000000,0.000000000
100000008731444100,100000000569479100,320000.000000000,1,22.887195634,0.000071522
100000008731444100,100000003134934100,116800.000000000,1,0.000000000,0.000000000
100000008731444100,100000003528285100,60000.000000000,1,9.339666672,0.000155661
100000008731444100,100000004099450100,31000.000000000,1,0.000000000,0.000000000
100000008731444100,100000006788200100,68967.800000000,1,19.839080141,0.000287657
100000008731444100,100000007138613100,82000.000000000,1,32.590895272,0.000397450
100000008731444100,100000007487729100,25000.000000000,1,0.000000000,0.000000000
100000008731444100,100000008566737100,126000.000000000,1,0.000000000,0.000000000
100000008732488100,100000004265639100,10000.000000000,1,-0.000000000,0.000000000
100000008733194100,100000000583220100,5000.000000000,1,6.837309276,0.001367462
100000008733194100,100000000870121100,12000.000000000,1,26.532851253,0.002211071
100000008733194100,100000001429930100,26000.000000000,1,57.487844382,0.002211071
100000008733194100,100000004183610100,22000.000000000,1,30.084160817,0.001367462
100000008733194100,100000005037490100,15000.000000000,1,22.741415963,0.001516094
100000008733194100,100000005370580100,24075.000000000,1,32.921644166,0.001367462
100000008733194100,100000005454368100,29600.000000000,1,136.029723962,0.004595599
100000008733194100,100000005493505100,26020.000000000,1,119.577480321,0.004595599
100000008736940100,100000008193577100,67300.000000000,2,59208.587786260,0.879770992
100000008736940100,100000008659445100,77300.000000000,2,55953.377628039,0.723847059
100000008736940100,100000008751429100,37500.000000000,2,32991.412213740,0.879770992
100000008738325100,100000005668605100,54000.000000000,1,54000.000000000,1.000000000
100000008738526100,100000008183752100,140000.000000000,1,5623.936525147,0.040170975
100000008739887100,100000000926078100,250000.000000000,1,442.547240837,0.001770189
100000008739887100,100000002752565100,57000.000000000,1,160.670017374,0.002818772
100000008742053100,100000001282143100,480000.000000000,1,0.000000000,0.000000000
100000008742053100,100000001303311100,41000.000000000,1,0.000000000,0.000000000
100000008742053100,100000001537524100,150000.000000000,1,0.000000000,0.000000000
100000008742053100,100000002443664100,420000.000000000,1,-0.000000000,0.000000000
100000008742053100,100000002529877100,232000.000000000,1,0.000000000,0.000000000
100000008742053100,100000002593344100,141000.000000000,1,0.000000000,0.000000000
100000008742053100,100000002956769100,440000.000000000,1,0.000000000,0.000000000
100000008742053100,100000003031003100,185000.000000000,1,0.000000000,0.000000000
100000008742053100,100000003037476100,90000.000000000,1,0.000000000,0.000000000
100000008742053100,100000004403641100,171500.000000000,1,0.000000000,0.000000000
100000008742053100,100000005783452100,200000.000000000,1,0.000000000,0.000000000
100000008742053100,100000008699083100,238500.000000000,1,0.000000000,0.000000000
100000008743913100,100000001141268100,230000.000000000,1,12864.313293462,0.055931797
100000008743913100,100000001303311100,135000.000000000,1,0.000000000,0.000000000
100000008743913100,100000001680944100,393000.000000000,1,0.000000000,0.000000000
100000008743913100,100000002443664100,62000.000000000,1,51.453574290,0.000829896
100000008743913100,100000002748532100,174600.000000000,1,0.000000000,0.000000000
100000008743913100,100000002945626100,84000.000000000,1,0.000000000,0.000000000
100000008743913100,100000003097324100,240000.000000000,1,199.175126282,0.000829896
100000008743913100,100000007229557100,500000.000000000,1,27965.898464049,0.055931797
100000008743913100,100000007472293100,5000.000000000,1,0.000000000,0.000000000
100000008743913100,100000008759857100,5000.000000000,1,0.000000000,0.000000000
100000008743913100,100000008760098100,7000.000000000,1,0.000000000,0.000000000
100000008743913100,100000008767027100,5000.000000000,1,0.000000000,0.000000000
100000008743913100,100000008767065100,10000.000000000,1,0.000000000,0.000000000
100000008746449100,100000001534244100,176000.000000000,1,0.000000000,0.000000000
100000008746449100,100000002659265100,141000.000000000,1,0.000000000,0.000000000
100000008746449100,100000002734815100,110000.000000000,1,0.000000000,0.000000000
100000008746449100,100000003072205100,63000.000000000,1,0.000000000,0.000000000
100000008746449100,100000003128638100,300000.000000000,1,0.000000000,0.000000000
100000008746449100,100000008336318100,170000.000000000,1,0.000000000,0.000000000
100000008746449100,100000008468762100,30000.000000000,1,0.000000000,0.000000000
100000008746449100,100000008762005100,5000.000000000,1,0.000000000,0.000000000
100000008746449100,100000008762843100,7000.000000000,1,0.000000000,0.000000000
100000008746449100,100000008762885100,7000.000000000,1,0.000000000,0.000000000
100000008748408100,100000000861294100,150000.000000000,1,33416.580548857,0.222777204
100000008748408100,100000000971908100,89000.000000000,1,89000.000000000,1.000000000
100000008748408100,100000001250022100,50000.000000000,1,-0.000000000,0.000000000
100000008748408100,100000001557930100,34610.000000000,1,-0.000000000,0.000000000
100000008748408100,100000001648936100,92740.000000000,1,0.000000000,0.000000000
100000008748408100,100000001848426100,95530.000000000,1,21281.906265549,0.222777204
100000008748408100,100000002488629100,73050.000000000,1,0.000000000,0.000000000
100000008748408100,100000002692750100,92830.000000000,1,20680.407815670,0.222777204
100000008748408100,100000002820010100,30000.000000000,1,-0.000000000,0.000000000
100000008748408100,100000002870463100,100000.000000000,2,0.000000000,0.000000000
100000008748408100,100000002969048100,108470.000000000,1,-0.000000000,0.000000000
100000008748408100,100000003068941100,30000.000000000,1,-0.000000000,0.000000000
100000008748408100,100000003073398100,92960.000000000,1,-0.000000000,0.000000000
100000008748408100,100000003157333100,30000.000000000,1,30000.000000000,1.000000000
100000008748408100,100000003509750100,34590.000000000,1,34590.000000000,1.000000000
100000008748408100,100000004221668100,92000.000000000,1,0.000000000,0.000000000
100000008748408100,100000004698193100,70000.000000000,1,15594.404256134,0.222777204
100000008748408100,100000005203590100,90000.000000000,1,90000.000000000,1.000000000
100000008748408100,100000008008463100,54180.000000000,1,12070.068894247,0.222777204
100000008748408100,100000008713270100,30000.000000000,1,0.000000000,0.000000000
100000008748408100,100000008765627100,60000.000000000,1,13366.632219543,0.222777204
100000008748914100,100000000331309100,242000.000000000,1,0.000000000,0.000000000
100000008748914100,100000000913911100,426000.000000000,1,9530.201342282,0.022371365
100000008748914100,100000001072022100,320000.000000000,1,0.000000000,0.000000000
100000008748914100,100000002570206100,81147.000000000,1,0.000000000,0.000000000
100000008748914100,100000003289405100,355000.000000000,1,0.000000000,0.000000000
100000008748914100,100000003684369100,1582700.000000000,9,75782.997762864,0.047882099
100000008748914100,100000004398811100,426000.000000000,1,9530.201342282,0.022371365
100000008748914100,100000004400305100,105000.000000000,1,0.000000000,0.000000000
100000008748914100,100000004592467100,7000.000000000,1,156.599552573,0.022371365
100000008748914100,100000006977207100,414000.000000000,1,0.000000000,0.000000000
100000008748914100,100000008165763100,141000.000000000,1,0.000000000,0.000000000
100000008748914100,100000008477350100,222000.000000000,1,0.000000000,0.000000000
100000008748914100,100000008762832100,150000.000000000,1,0.000000000,0.000000000
100000008751429100,100000008736940100,72600.000000000,2,59404.216805973,0.818239901
100000008752616100,100000001686328100,140000.000000000,1,0.000000000,0.000000000
100000008752616100,100000002593344100,290000.000000000,1,149.805005514,0.000516569
100000008752616100,100000002793881100,290000.000000000,1,0.000000000,0.000000000
100000008752616100,100000003157679100,150000.000000000,1,77.485347680,0.000516569
100000008752616100,100000004997515100,130000.000000000,1,0.000000000,0.000000000
100000008752616100,100000008417029100,100000.000000000,1,51.656898453,0.000516569
100000008752616100,100000008708207100,165000.000000000,1,0.000000000,0.000000000
100000008757369100,100000008757301100,58398.000000000,3,0.000000000,0.000000000
100000008758168100,100000001141268100,250000.000000000,1,0.000000000,0.000000000
100000008758168100,100000001285440100,178000.000000000,1,0.000000000,0.000000000
100000008758168100,100000001303311100,600000.000000000,1,0.000000000,0.000000000
100000008758168100,100000002559089100,65000.000000000,1,0.000000000,0.000000000
100000008758168100,100000008555233100,440600.000000000,1,0.000000000,0.000000000
100000008759857100,100000001303311100,298000.000000000,1,0.000000000,0.000000000
100000008759857100,100000001887715100,696000.000000000,2,0.000000000,0.000000000
100000008760098100,100000001887715100,390000.000000000,1,0.000000000,0.000000000
100000008761219100,100000006638021100,370000.000000000,1,0.000000000,0.000000000
100000008761219100,100000008770483100,5000.000000000,1,0.000000000,0.000000000
100000008762832100,100000008748914100,85000.000000000,4,0.000000000,0.000000000
100000008774237100,100000004144536100,10000.000000000,1,11.778833900,0.001177883
